"timestamp","vcserver","datacenter"
"2012-01-04 01:01:55","vf-vcd-vc-01.vmware.com","vCloudCompute01"
"2012-01-04 01:02:17","vf-view-vc.vmware.com","vCloudView"
"2012-01-04 01:02:17","vf-mgmt-vc.vmware.com","Management"
"2012-01-04 01:02:17","sc9-srm-vc-1.vmware.com","SantaClara"
"2012-01-04 01:02:31","osdc-srm-vc-1.vmware.com","PaloAlto"
"2012-01-04 01:02:46","wdc-srm-vc-1.vmware.com","Wenatchee"
"2012-01-04 01:02:47","wdc-srm-vc-2.vmware.com","WDC"
"2012-01-04 01:02:47","advantech-vc-1.vmware.com","AdvantechView"
"2012-01-04 01:02:47","lm-vc.vmware.com","WDC"
"2012-01-04 01:02:48","vmview-vc-1.vmware.com","Santa Clara"
"2012-01-04 01:02:49","vc-dev-1.vmware.com","North America Remote Sites"
"2012-01-04 01:02:49","vc-dev-1.vmware.com","Palo Alto"
"2012-01-04 01:02:49","vc-dev-1.vmware.com","SC9"
"2012-01-04 01:02:49","vc-prod-1.vmware.com","North America Remote Sites"
"2012-01-04 01:02:49","vc-prod-1.vmware.com","Palo Alto"
"2012-01-04 01:02:49","vc-prod-1.vmware.com","Santa Clara"
