"timestamp","vcserver","cluster","vmhost","uuid","connectionstate","powerstate","vendor","model","memorysize","cpumodel","cpuhz","numcpupackages","numcpucores","numcputhreads","esxproductname","esxversion","esxbuild","serialnumber","biosversion"
"2012-01-04 01:03:18","vf-vcd-vc-01.vmware.com",,"sc9-vf-cat1-01.vmware.com","36303337-3139-5553-4531-313138305457","connected","poweredOn","HP","ProLiant BL490c G7","154608021504","Intel(R) Xeon(R) CPU           X5670  @ 2.93GHz","2933436953","2","12","24","VMware ESXi","5.0.0","504890",,"I28"
"2012-01-04 01:03:18","vf-vcd-vc-01.vmware.com",,"sc9-vf-cat1-02.vmware.com","36303337-3139-5553-4531-313138305630","connected","poweredOn","HP","ProLiant BL490c G7","154608021504","Intel(R) Xeon(R) CPU           X5670  @ 2.93GHz","2933436752","2","12","24","VMware ESXi","5.0.0","504890",,"I28"
"2012-01-04 01:03:18","vf-vcd-vc-01.vmware.com",,"sc9-vf-dev1-05.vmware.com","36303337-3139-5553-4531-34374c454441","connected","poweredOn","HP","ProLiant BL490c G7","154608021504","Intel(R) Xeon(R) CPU           X5675  @ 3.07GHz","3066775088","2","12","24","VMware ESXi","5.0.0","504890",,"I28"
"2012-01-04 01:03:18","vf-vcd-vc-01.vmware.com",,"sc9-vf-dev1-06.vmware.com","36303337-3139-5553-4531-34374c454442","connected","poweredOn","HP","ProLiant BL490c G7","154608021504","Intel(R) Xeon(R) CPU           X5675  @ 3.07GHz","3066774545","2","12","24","VMware ESXi","5.0.0","504890",,"I28"
"2012-01-04 01:03:18","vf-vcd-vc-01.vmware.com",,"sc9-vf-dev1-07.vmware.com","36303337-3139-5553-4531-34374c454444","connected","poweredOn","HP","ProLiant BL490c G7","154608021504","Intel(R) Xeon(R) CPU           X5675  @ 3.07GHz","3066774552","2","12","24","VMware ESXi","5.0.0","504890",,"I28"
"2012-01-04 01:03:18","vf-vcd-vc-01.vmware.com",,"sc9-vf-dev1-02.vmware.com","36303337-3139-5553-4531-313138305632","connected","poweredOn","HP","ProLiant BL490c G7","154608021504","Intel(R) Xeon(R) CPU           X5670  @ 2.93GHz","2933437066","2","12","24","VMware ESXi","5.0.0","504890",,"I28"
"2012-01-04 01:03:18","vf-vcd-vc-01.vmware.com",,"sc9-vf-dev1-01.vmware.com","36303337-3139-5553-4531-313138305634","connected","poweredOn","HP","ProLiant BL490c G7","154608021504","Intel(R) Xeon(R) CPU           X5670  @ 2.93GHz","2933436852","2","12","24","VMware ESXi","5.0.0","504890",,"I28"
"2012-01-04 01:03:18","vf-vcd-vc-01.vmware.com",,"sc9-vf-dev1-03.vmware.com","36303337-3139-5553-4531-333345364b56","connected","poweredOn","HP","ProLiant BL490c G7","154608021504","Intel(R) Xeon(R) CPU           X5675  @ 3.07GHz","3066774825","2","12","24","VMware ESXi","5.0.0","504890",,"I28"
"2012-01-04 01:03:18","vf-vcd-vc-01.vmware.com",,"sc9-vf-dev1-04.vmware.com","36303337-3139-5553-4531-333345364b58","connected","poweredOn","HP","ProLiant BL490c G7","154608021504","Intel(R) Xeon(R) CPU           X5675  @ 3.07GHz","3066775223","2","12","24","VMware ESXi","5.0.0","504890",,"I28"
"2012-01-04 01:03:18","vf-vcd-vc-01.vmware.com",,"sc9-vf-prod1-05.vmware.com","36303337-3139-5553-4531-34374c454443","connected","poweredOn","HP","ProLiant BL490c G7","154608021504","Intel(R) Xeon(R) CPU           X5675  @ 3.07GHz","3066774536","2","12","24","VMware ESXi","5.0.0","504890",,"I28"
"2012-01-04 01:03:18","vf-vcd-vc-01.vmware.com",,"sc9-vf-prod1-06.vmware.com","36303337-3139-5553-4531-34374c454445","connected","poweredOn","HP","ProLiant BL490c G7","154608021504","Intel(R) Xeon(R) CPU           X5675  @ 3.07GHz","3066774644","2","12","24","VMware ESXi","5.0.0","504890",,"I28"
"2012-01-04 01:03:18","vf-vcd-vc-01.vmware.com",,"sc9-vf-prod1-02.vmware.com","36303337-3139-5553-4531-313138305633","connected","poweredOn","HP","ProLiant BL490c G7","154606235648","Intel(R) Xeon(R) CPU           X5670  @ 2.93GHz","2933436836","2","12","24","VMware ESX","4.1.0","348481",,"I28"
"2012-01-04 01:03:18","vf-vcd-vc-01.vmware.com",,"sc9-vf-prod1-01.vmware.com","36303337-3139-5553-4531-313138305631","connected","poweredOn","HP","ProLiant BL490c G7","154606235648","Intel(R) Xeon(R) CPU           X5670  @ 2.93GHz","2933436946","2","12","24","VMware ESX","4.1.0","348481",,"I28"
"2012-01-04 01:03:18","vf-vcd-vc-01.vmware.com",,"sc9-vf-prod1-03.vmware.com","36303337-3139-5553-4531-333345364b59","connected","poweredOn","HP","ProLiant BL490c G7","154608021504","Intel(R) Xeon(R) CPU           X5675  @ 3.07GHz","3066774648","2","12","24","VMware ESXi","5.0.0","504890",,"I28"
"2012-01-04 01:03:18","vf-vcd-vc-01.vmware.com",,"sc9-vf-prod1-04.vmware.com","36303337-3139-5553-4531-333345364b54","connected","poweredOn","HP","ProLiant BL490c G7","154608021504","Intel(R) Xeon(R) CPU           X5675  @ 3.07GHz","3066775139","2","12","24","VMware ESXi","5.0.0","504890",,"I28"
"2012-01-04 01:03:38","vf-view-vc.vmware.com",,"sc9-vf-view1-02.vmware.com","36303337-3139-5553-4531-313138305458","connected","poweredOn","HP","ProLiant BL490c G7","154608021504","Intel(R) Xeon(R) CPU           X5670  @ 2.93GHz","2933436658","2","12","24","VMware ESXi","5.0.0","504890",,"I28"
"2012-01-04 01:03:38","vf-view-vc.vmware.com",,"sc9-vf-view1-01.vmware.com","36303337-3139-5553-4531-313138305459","connected","poweredOn","HP","ProLiant BL490c G7","154608021504","Intel(R) Xeon(R) CPU           X5670  @ 2.93GHz","2933436709","2","12","24","VMware ESXi","5.0.0","504890",,""
"2012-01-04 01:03:40","vf-mgmt-vc.vmware.com",,"sc9-vf-mgmt-01.vmware.com","35373932-3337-5553-4531-31304e464242","connected","poweredOn","HP","ProLiant DL360 G7","103066628096","Intel(R) Xeon(R) CPU           X5650  @ 2.67GHz","2666760920","2","12","24","VMware ESX","4.1.0","348481",,"P68"
"2012-01-04 01:03:40","vf-mgmt-vc.vmware.com",,"sc9-vf-mgmt-02.vmware.com","35373932-3337-5553-4531-31304e464241","connected","poweredOn","HP","ProLiant DL360 G7","103068450816","Intel(R) Xeon(R) CPU           X5650  @ 2.67GHz","2666760854","2","12","24","VMware ESXi","5.0.0","504890",,"P68"
"2012-01-04 01:03:40","vf-mgmt-vc.vmware.com",,"sc9-vf-mgmt-03.vmware.com","35373932-3337-5553-4531-31304e464239","connected","poweredOn","HP","ProLiant DL360 G7","103066628096","Intel(R) Xeon(R) CPU           X5650  @ 2.67GHz","2666760860","2","12","24","VMware ESX","4.1.0","348481",,"P68"
"2012-01-04 01:03:44","sc9-srm-vc-1.vmware.com",,"sc9-mail-vmg1-10.vmware.com","36303337-3138-5553-4530-3431324d4b54","connected","poweredOn","HP","ProLiant BL460c G7","103066628096","Intel(R) Xeon(R) CPU           X5670  @ 2.93GHz","2933436616","2","12","24","VMware ESX","4.1.0","348481",,"I27"
"2012-01-04 01:03:44","sc9-srm-vc-1.vmware.com",,"sc9-mail-vmg1-1.vmware.com","36303337-3138-5553-4530-343032344346","connected","poweredOn","HP","ProLiant BL460c G7","103066628096","Intel(R) Xeon(R) CPU           X5670  @ 2.93GHz","2933436946","2","12","24","VMware ESX","4.1.0","348481",,"I27"
"2012-01-04 01:03:44","sc9-srm-vc-1.vmware.com",,"sc9-mail-vmg1-2.vmware.com","36303337-3138-5553-4530-343032344345","connected","poweredOn","HP","ProLiant BL460c G7","103066628096","Intel(R) Xeon(R) CPU           X5670  @ 2.93GHz","2933437012","2","12","24","VMware ESX","4.1.0","348481",,"I27"
"2012-01-04 01:03:44","sc9-srm-vc-1.vmware.com",,"sc9-mail-vmg1-3.vmware.com","36303337-3138-5553-4530-34303234434a","connected","poweredOn","HP","ProLiant BL460c G7","103066628096","Intel(R) Xeon(R) CPU           X5670  @ 2.93GHz","2933436902","2","12","24","VMware ESX","4.1.0","348481",,"I27"
"2012-01-04 01:03:44","sc9-srm-vc-1.vmware.com",,"sc9-mail-vmg1-4.vmware.com","36303337-3138-5553-4530-343032344348","connected","poweredOn","HP","ProLiant BL460c G7","103066628096","Intel(R) Xeon(R) CPU           X5670  @ 2.93GHz","2933437012","2","12","24","VMware ESX","4.1.0","348481",,"I27"
"2012-01-04 01:03:44","sc9-srm-vc-1.vmware.com",,"sc9-mail-vmg1-12.vmware.com","36303337-3138-5553-4530-3431324d4b4e","connected","poweredOn","HP","ProLiant BL460c G7","103066628096","Intel(R) Xeon(R) CPU           X5670  @ 2.93GHz","2933436990","2","12","24","VMware ESX","4.1.0","348481",,"I27"
"2012-01-04 01:03:44","sc9-srm-vc-1.vmware.com",,"sc9-mail-vmg1-8.vmware.com","36303337-3138-5553-4530-3431324d4c30","connected","poweredOn","HP","ProLiant BL460c G7","103066628096","Intel(R) Xeon(R) CPU           X5670  @ 2.93GHz","2933436946","2","12","24","VMware ESX","4.1.0","348481",,"I27"
"2012-01-04 01:03:44","sc9-srm-vc-1.vmware.com",,"sc9-mail-vmg1-7.vmware.com","36303337-3138-5553-4530-3431324d4b4c","connected","poweredOn","HP","ProLiant BL460c G7","103066628096","Intel(R) Xeon(R) CPU           X5670  @ 2.93GHz","2933436946","2","12","24","VMware ESX","4.1.0","348481",,"I27"
"2012-01-04 01:03:44","sc9-srm-vc-1.vmware.com",,"sc9-mail-vmg1-11.vmware.com","36303337-3138-5553-4530-3431324d4c37","connected","poweredOn","HP","ProLiant BL460c G7","103066628096","Intel(R) Xeon(R) CPU           X5670  @ 2.93GHz","2933436990","2","12","24","VMware ESX","4.1.0","348481",,"I27"
"2012-01-04 01:03:44","sc9-srm-vc-1.vmware.com",,"sc9-mail-vmg1-6.vmware.com","36303337-3138-5553-4530-3431324d4b4d","connected","poweredOn","HP","ProLiant BL460c G7","103066628096","Intel(R) Xeon(R) CPU           X5670  @ 2.93GHz","2933436946","2","12","24","VMware ESX","4.1.0","348481",,"I27"
"2012-01-04 01:03:44","sc9-srm-vc-1.vmware.com",,"sc9-mail-vmg1-5.vmware.com","36303337-3138-5553-4530-3431324d4b57","connected","poweredOn","HP","ProLiant BL460c G7","103066628096","Intel(R) Xeon(R) CPU           X5670  @ 2.93GHz","2933436880","2","12","24","VMware ESX","4.1.0","348481",,"I27"
"2012-01-04 01:04:05","osdc-srm-vc-1.vmware.com",,"osdc-msg1-7.vmware.com","34343335-3237-5553-4538-303939364335","connected","poweredOn","HP","ProLiant BL680c G5","68716621824","Intel(R) Xeon(R) CPU           E7340  @ 2.40GHz","2400084198","4","16","16","VMware ESX","4.0.0","244038",,"I17"
"2012-01-04 01:04:05","osdc-srm-vc-1.vmware.com",,"osdc-msg1-2.vmware.com","34343335-3237-5553-4538-303839325748","connected","poweredOn","HP","ProLiant BL680c G5","68716519424","Intel(R) Xeon(R) CPU           E7340  @ 2.40GHz","2400083397","4","16","16","VMware ESX","4.0.0","244038",,"I17"
"2012-01-04 01:04:05","osdc-srm-vc-1.vmware.com",,"osdc-msg1-6.vmware.com","34343335-3237-5553-4538-303939364253","connected","poweredOn","HP","ProLiant BL680c G5","68716621824","Intel(R) Xeon(R) CPU           E7340  @ 2.40GHz","2400084981","4","16","16","VMware ESX","4.0.0","208167",,"I17"
"2012-01-04 01:04:05","osdc-srm-vc-1.vmware.com",,"osdc-msg1-3.vmware.com","34343335-3237-5553-4538-30383932574d","connected","poweredOn","HP","ProLiant BL680c G5","68716621824","Intel(R) Xeon(R) CPU           E7340  @ 2.40GHz","2400082596","4","16","16","VMware ESX","4.0.0","208167",,"I17"
"2012-01-04 01:04:05","osdc-srm-vc-1.vmware.com",,"osdc-msg1-4.vmware.com","34343335-3237-5553-4538-303839325753","connected","poweredOn","HP","ProLiant BL680c G5","68716621824","Intel(R) Xeon(R) CPU           E7340  @ 2.40GHz","2400084243","4","16","16","VMware ESX","4.0.0","208167",,"I17"
"2012-01-04 01:04:20","wdc-srm-vc-1.vmware.com",,"wdc-t2msg-dr1-2.vmware.com","34343335-3237-5553-4538-303839325746","connected","poweredOn","HP","ProLiant BL680c G5","68716519424","Intel(R) Xeon(R) CPU           E7340  @ 2.40GHz","2400082704","3","12","12","VMware ESX","4.0.0","208167",,"I17"
"2012-01-04 01:04:20","wdc-srm-vc-1.vmware.com",,"wdc-t2msg-dr1-4.vmware.com","34343335-3237-5553-4538-30383932574b","connected","poweredOn","HP","ProLiant BL680c G5","68716519424","Intel(R) Xeon(R) CPU           E7340  @ 2.40GHz","2400082443","4","16","16","VMware ESX","4.0.0","208167",,"I17"
"2012-01-04 01:04:35","wdc-srm-vc-2.vmware.com",,"wdc-mail-dr1-1.vmware.com","36303337-3138-5553-4530-3431324d4c32","connected","poweredOn","HP","ProLiant BL460c G7","103066628096","Intel(R) Xeon(R) CPU           X5670  @ 2.93GHz","2933436990","2","12","24","VMware ESX","4.1.0","348481",,"I27"
"2012-01-04 01:04:35","wdc-srm-vc-2.vmware.com",,"wdc-mail-dr1-2.vmware.com","36303337-3138-5553-4530-3431324d4c35","connected","poweredOn","HP","ProLiant BL460c G7","103066628096","Intel(R) Xeon(R) CPU           X5670  @ 2.93GHz","2933436946","2","12","24","VMware ESX","4.1.0","348481",,"I27"
"2012-01-04 01:04:35","wdc-srm-vc-2.vmware.com",,"wdc-mail-dr1-3.vmware.com","36303337-3138-5553-4530-3431324d4c33","connected","poweredOn","HP","ProLiant BL460c G7","103066628096","Intel(R) Xeon(R) CPU           X5670  @ 2.93GHz","2933436990","2","12","24","VMware ESX","4.1.0","348481",,"I27"
"2012-01-04 01:04:35","wdc-srm-vc-2.vmware.com",,"wdc-mail-dr1-4.vmware.com","36303337-3138-5553-4530-3431324d4c38","connected","poweredOn","HP","ProLiant BL460c G7","103066628096","Intel(R) Xeon(R) CPU           X5670  @ 2.93GHz","2933437012","2","12","24","VMware ESX","4.1.0","348481",,"I27"
"2012-01-04 01:04:35","wdc-srm-vc-2.vmware.com",,"wdc-mail-dr1-5.vmware.com","36303337-3138-5553-4530-3431324d4b59","connected","poweredOn","HP","ProLiant BL460c G7","103066628096","Intel(R) Xeon(R) CPU           X5670  @ 2.93GHz","2933436968","2","12","24","VMware ESX","4.1.0","348481",,"I27"
"2012-01-04 01:04:35","wdc-srm-vc-2.vmware.com",,"wdc-mail-dr1-6.vmware.com","36303337-3138-5553-4530-3431324d4b52","connected","poweredOn","HP","ProLiant BL460c G7","103066628096","Intel(R) Xeon(R) CPU           X5670  @ 2.93GHz","2933436968","2","12","24","VMware ESX","4.1.0","348481",,"I27"
"2012-01-04 01:05:22","advantech-vc-1.vmware.com",,"at-vmg1-1.vmware.com","34303530-3234-5553-4537-34343732524c","connected","poweredOn","HP","ProLiant BL685c G1","68717228032","Dual-Core AMD Opteron(tm) Processor 8218","2612035842","4","8","8","VMware ESXi","5.0.0","469512","USE74472RL","A08"
"2012-01-04 01:05:22","advantech-vc-1.vmware.com",,"at-vmg1-2.vmware.com","34303530-3234-5553-4537-343437325258","connected","poweredOn","HP","ProLiant BL685c G1","68717162496","Dual-Core AMD Opteron(tm) Processor 8218","2612036024","4","8","8","VMware ESXi","5.0.0","469512","USE74472RX","A08"
"2012-01-04 01:05:22","advantech-vc-1.vmware.com",,"at-vmg1-4.vmware.com","34303530-3234-7573-6537-343437327277","connected","poweredOn","HP","ProLiant BL685c G1","68717162496","Dual-Core AMD Opteron(tm) Processor 8218","2612035997","4","8","8","VMware ESXi","5.0.0","469512","use74472rw","A08"
"2012-01-04 01:05:22","advantech-vc-1.vmware.com",,"at-vmg1-5.vmware.com","34303530-3234-5553-4537-343437325348","connected","poweredOn","HP","ProLiant BL685c G1","68717162496","Dual-Core AMD Opteron(tm) Processor 8218","2612035972","4","8","8","VMware ESXi","5.0.0","469512","USE74472SH","A08"
"2012-01-04 01:05:22","advantech-vc-1.vmware.com",,"at-vmg1-6.vmware.com","34303530-3234-5553-4537-343437325346","connected","poweredOn","HP","ProLiant BL685c G1","68717162496","Dual-Core AMD Opteron(tm) Processor 8218","2612036038","4","8","8","VMware ESXi","5.0.0","469512","USE74472SF","A08"
"2012-01-04 01:05:22","advantech-vc-1.vmware.com",,"at-vmg1-3.vmware.com","35313838-3738-5553-4530-343233324a45","connected","poweredOn","HP","ProLiant BL685c G7","274873356288","AMD Opteron(tm) Processor 6174","2199998688","4","48","48","VMware ESXi","5.0.0","469512","USE04232JE","A20"
"2012-01-04 01:05:30","lm-vc.vmware.com",,"wdc-labmanager1-1.vmware.com","34303530-3234-5553-4537-343537364c4d","connected","poweredOn","HP","ProLiant BL685c G1","68717699072","Dual-Core AMD Opteron(tm) Processor 8218","2612036583","4","8","8","VMware ESX","4.0.0","208167",,"A08"
"2012-01-04 01:05:30","lm-vc.vmware.com",,"wdc-labmanager1-3.vmware.com","58585858-5858-3348-3733-4d4b30363737","connected","poweredOn","HP","ProLiant BL685c G1","68717699072","Dual-Core AMD Opteron(tm) Processor 8218","2612036609","4","8","8","VMware ESX","4.0.0","208167",,"A08"
"2012-01-04 01:05:30","lm-vc.vmware.com",,"wdc-labmanager1-2.vmware.com","34303530-3234-5553-4537-333836363646","connected","poweredOn","HP","ProLiant BL685c G1","68717699072","Dual-Core AMD Opteron(tm) Processor 8218","2612036583","4","8","8","VMware ESX","4.0.0","208167",,"A08"
"2012-01-04 01:05:30","lm-vc.vmware.com",,"wdc-labmanager1-4.vmware.com","58585858-5858-5553-4537-313533573239","connected","poweredOn","HP","ProLiant BL685c G1","68717699072","Dual-Core AMD Opteron(tm) Processor 8218","2612036583","4","8","8","VMware ESX","4.0.0","208167",,"A08"
"2012-01-04 01:05:37","vmview-vc-1.vmware.com",,"view-vmg2-1.vmware.com","35313838-3738-5553-4530-343934543041","connected","poweredOn","HP","ProLiant BL685c G7","274873356288","AMD Opteron(tm) Processor 6174","2199999129","4","48","48","VMware ESXi","5.0.0","504890",,"A20"
"2012-01-04 01:05:37","vmview-vc-1.vmware.com",,"view-vmg2-2.vmware.com","35313838-3738-5553-4530-343934543042","connected","poweredOn","HP","ProLiant BL685c G7","274873356288","AMD Opteron(tm) Processor 6174","2199998918","4","48","48","VMware ESXi","5.0.0","504890","USE0494T0B","A20"
"2012-01-04 01:05:37","vmview-vc-1.vmware.com",,"view-vmg2-3.vmware.com","35313838-3738-5553-4530-343934543043","connected","poweredOn","HP","ProLiant BL685c G7","274873356288","AMD Opteron(tm) Processor 6174","2199999069","4","48","48","VMware ESXi","5.0.0","504890","USE0494T0C","A20"
"2012-01-04 01:05:37","vmview-vc-1.vmware.com",,"view-vmg2-4.vmware.com","35313838-3738-5553-4530-343934543038","connected","poweredOn","HP","ProLiant BL685c G7","274873356288","AMD Opteron(tm) Processor 6174","2199999218","4","48","48","VMware ESXi","5.0.0","504890","USE0494T08","A20"
"2012-01-04 01:05:37","vmview-vc-1.vmware.com",,"view-vmg2-5.vmware.com","35313838-3738-5553-4530-343934543039","connected","poweredOn","HP","ProLiant BL685c G7","274873356288","AMD Opteron(tm) Processor 6174","2199999000","4","48","48","VMware ESXi","5.0.0","504890","USE0494T09","A20"
"2012-01-04 01:05:37","vmview-vc-1.vmware.com",,"view-vmg1-8.vmware.com","35313838-3738-5553-4530-333831364635","connected","poweredOn","HP","ProLiant BL685c G7","274873356288","AMD Opteron(tm) Processor 6174","2199999254","4","48","48","VMware ESXi","5.0.0","504890","USE03816F5","A20"
"2012-01-04 01:05:37","vmview-vc-1.vmware.com",,"view-vmg2-6.vmware.com","35313838-3738-5553-4530-353235433436","connected","poweredOn","HP","ProLiant BL685c G7","274873356288","AMD Opteron(tm) Processor 6174","2199998931","4","48","48","VMware ESXi","5.0.0","504890",,"A20"
"2012-01-04 01:05:37","vmview-vc-1.vmware.com",,"view-vmg2-8.vmware.com","35313838-3738-5553-4530-353235433438","connected","poweredOn","HP","ProLiant BL685c G7","274873356288","AMD Opteron(tm) Processor 6174","2199999099","4","48","48","VMware ESXi","5.0.0","504890","USE0525C48","A20"
"2012-01-04 01:05:37","vmview-vc-1.vmware.com",,"view-vmg1-5.vmware.com","35313838-3738-5553-4530-333831364639","connected","poweredOn","HP","ProLiant BL685c G7","274873356288","AMD Opteron(tm) Processor 6174","2199998892","4","48","48","VMware ESXi","5.0.0","504890","USE03816F9","A20"
"2012-01-04 01:05:37","vmview-vc-1.vmware.com",,"view-vmg1-6.vmware.com","35313838-3738-5553-4530-333831364634","connected","poweredOn","HP","ProLiant BL685c G7","274873356288","AMD Opteron(tm) Processor 6174","2199998951","4","48","48","VMware ESXi","5.0.0","504890","USE03816F4","A20"
"2012-01-04 01:05:37","vmview-vc-1.vmware.com",,"view-vmg1-4.vmware.com","35313838-3738-5553-4530-333831364636","connected","poweredOn","HP","ProLiant BL685c G7","274873356288","AMD Opteron(tm) Processor 6174","2199999044","4","48","48","VMware ESXi","5.0.0","504890",,"A20"
"2012-01-04 01:05:37","vmview-vc-1.vmware.com",,"view-vmg1-7.vmware.com","35313838-3738-5553-4530-333831364642","connected","poweredOn","HP","ProLiant BL685c G7","274873356288","AMD Opteron(tm) Processor 6174","2199998971","4","48","48","VMware ESXi","5.0.0","504890",,"A20"
"2012-01-04 01:05:37","vmview-vc-1.vmware.com",,"view-vmg1-1.vmware.com","35313838-3738-5553-4530-333831364632","connected","poweredOn","HP","ProLiant BL685c G7","274873356288","AMD Opteron(tm) Processor 6174","2199999098","4","48","48","VMware ESXi","5.0.0","504890","USE03816F2","A20"
"2012-01-04 01:05:37","vmview-vc-1.vmware.com",,"view-vmg1-2.vmware.com","35313838-3738-5553-4530-333831364633","connected","poweredOn","HP","ProLiant BL685c G7","274873356288","AMD Opteron(tm) Processor 6174","2199999199","4","48","48","VMware ESXi","5.0.0","504890",,"A20"
"2012-01-04 01:05:37","vmview-vc-1.vmware.com",,"view-vmg1-3.vmware.com","35313838-3738-5553-4530-333831364637","connected","poweredOn","HP","ProLiant BL685c G7","274873356288","AMD Opteron(tm) Processor 6174","2199999051","4","48","48","VMware ESXi","5.0.0","504890",,"A20"
"2012-01-04 01:05:37","vmview-vc-1.vmware.com",,"view-vmg2-7.vmware.com","35313838-3738-5553-4530-353235433437","connected","poweredOn","HP","ProLiant BL685c G7","274873356288","AMD Opteron(tm) Processor 6174","2199998997","4","48","48","VMware ESXi","5.0.0","504890",,"A20"
"2012-01-04 01:06:10","vc-dev-1.vmware.com",,"wdc-devtest2-1.vmware.com","34303530-3234-5553-4537-313533573241","connected","poweredOn","HP","ProLiant BL685c G1","68717228032","Dual-Core AMD Opteron(tm) Processor 8218","2612036075","4","8","8","VMware ESXi","5.0.0","474610",,"A08"
"2012-01-04 01:06:10","vc-dev-1.vmware.com",,"wdc-devtest4-1.vmware.com","35313838-3738-5553-4530-353135384545","connected","poweredOn","HP","ProLiant BL685c G7","274841894912","AMD Opteron(tm) Processor 6172","2099999048","4","48","48","VMware ESXi","5.0.0","474610",,"A20"
"2012-01-04 01:06:10","vc-dev-1.vmware.com",,"wdc-devtest4-2.vmware.com","35313838-3738-5553-4530-353135384544","connected","poweredOn","HP","ProLiant BL685c G7","274841894912","AMD Opteron(tm) Processor 6172","2099998924","4","48","48","VMware ESXi","5.0.0","474610",,"A20"
"2012-01-04 01:06:10","vc-dev-1.vmware.com",,"wdc-devtest4-3.vmware.com","35313838-3738-5553-4530-353135384548","connected","poweredOn","HP","ProLiant BL685c G7","274841894912","AMD Opteron(tm) Processor 6172","2099999215","4","48","48","VMware ESXi","5.0.0","474610",,"A20"
"2012-01-04 01:06:10","vc-dev-1.vmware.com",,"wdc-devtest4-4.vmware.com","35313838-3738-5553-4530-353135384536","connected","poweredOn","HP","ProLiant BL685c G7","274841894912","AMD Opteron(tm) Processor 6172","2099999062","4","48","48","VMware ESXi","5.0.0","474610",,"A20"
"2012-01-04 01:06:10","vc-dev-1.vmware.com",,"wdc-devtest4-5.vmware.com","35313838-3738-5553-4530-35313538454b","connected","poweredOn","HP","ProLiant BL685c G7","274841894912","AMD Opteron(tm) Processor 6172","2099999087","4","48","48","VMware ESXi","5.0.0","474610",,"A20"
"2012-01-04 01:06:10","vc-dev-1.vmware.com",,"wdc-devtest4-6.vmware.com","35313838-3738-5553-4530-353135384539","connected","poweredOn","HP","ProLiant BL685c G7","274841894912","AMD Opteron(tm) Processor 6172","2099998950","4","48","48","VMware ESXi","5.0.0","474610",,"A20"
"2012-01-04 01:06:10","vc-dev-1.vmware.com",,"wdc-devtest4-7.vmware.com","35313838-3738-5553-4530-353135384538","connected","poweredOn","HP","ProLiant BL685c G7","274841894912","AMD Opteron(tm) Processor 6172","2099998811","4","48","48","VMware ESXi","5.0.0","474610",,"A20"
"2012-01-04 01:06:10","vc-dev-1.vmware.com",,"wdc-devtest4-8.vmware.com","35313838-3738-5553-4530-35313538454d","connected","poweredOn","HP","ProLiant BL685c G7","274841894912","AMD Opteron(tm) Processor 6172","2099999035","4","48","48","VMware ESXi","5.0.0","474610",,"A20"
"2012-01-04 01:06:10","vc-dev-1.vmware.com",,"wdc-devtest4-9.vmware.com","35313838-3738-5553-4530-353135384535","connected","poweredOn","HP","ProLiant BL685c G7","274841894912","AMD Opteron(tm) Processor 6172","2099999002","4","48","48","VMware ESXi","5.0.0","474610",,"A20"
"2012-01-04 01:06:10","vc-dev-1.vmware.com",,"wdc-devtest4-12.vmware.com","35313838-3738-5553-4530-35313538454a","connected","poweredOn","HP","ProLiant BL685c G7","274841894912","AMD Opteron(tm) Processor 6172","2099998810","4","48","48","VMware ESXi","5.0.0","474610",,"A20"
"2012-01-04 01:06:10","vc-dev-1.vmware.com",,"wdc-devtest4-16.vmware.com","35313838-3738-5553-4530-353135384546","connected","poweredOn","HP","ProLiant BL685c G7","274841890816","AMD Opteron(tm) Processor 6172","2099998993","4","48","48","VMware ESXi","5.0.0","474610",,"A20"
"2012-01-04 01:06:10","vc-dev-1.vmware.com",,"wdc-devtest4-10.vmware.com","35313838-3738-5553-4530-353135384537","connected","poweredOn","HP","ProLiant BL685c G7","274841894912","AMD Opteron(tm) Processor 6172","2099999147","4","48","48","VMware ESXi","5.0.0","474610",,"A20"
"2012-01-04 01:06:10","vc-dev-1.vmware.com",,"wdc-devtest4-13.vmware.com","35313838-3738-5553-4530-353135384543","connected","poweredOn","HP","ProLiant BL685c G7","274841894912","AMD Opteron(tm) Processor 6172","2099999032","4","48","48","VMware ESXi","5.0.0","474610",,"A20"
"2012-01-04 01:06:10","vc-dev-1.vmware.com",,"wdc-devtest4-14.vmware.com","35313838-3738-5553-4530-35313538454c","connected","poweredOn","HP","ProLiant BL685c G7","274841894912","AMD Opteron(tm) Processor 6172","2099999170","4","48","48","VMware ESXi","5.0.0","474610",,"A20"
"2012-01-04 01:06:10","vc-dev-1.vmware.com",,"wdc-devtest4-15.vmware.com","35313838-3738-5553-4530-353135384541","connected","poweredOn","HP","ProLiant BL685c G7","274841894912","AMD Opteron(tm) Processor 6172","2099999187","4","48","48","VMware ESXi","5.0.0","474610",,"A20"
"2012-01-04 01:06:10","vc-dev-1.vmware.com",,"wdc-devtest4-11.vmware.com","35313838-3738-5553-4530-353135384542","connected","poweredOn","HP","ProLiant BL685c G7","274841894912","AMD Opteron(tm) Processor 6172","2099999025","4","48","48","VMware ESXi","5.0.0","474610",,"A20"
"2012-01-04 01:06:10","vc-dev-1.vmware.com",,"wdc-devtest1-8.vmware.com","34343335-3237-5553-4538-35304a423139","connected","poweredOn","HP","ProLiant BL680c G5","68716048384","Intel(R) Xeon(R) CPU           E7340  @ 2.40GHz","2400084566","4","16","16","VMware ESXi","5.0.0","469512","USE850JB19","I17"
"2012-01-04 01:06:10","vc-dev-1.vmware.com",,"wdc-devtest1-13.vmware.com","34343335-3237-5553-4538-35304a423158","connected","poweredOn","HP","ProLiant BL680c G5","68716048384","Intel(R) Xeon(R) CPU           E7340  @ 2.40GHz","2400084543","4","16","16","VMware ESXi","5.0.0","469512","USE850JB1X","I17"
"2012-01-04 01:06:10","vc-dev-1.vmware.com",,"wdc-devtest1-9.vmware.com","34343335-3237-5553-4538-35304a423157","connected","poweredOn","HP","ProLiant BL680c G5","68716048384","Intel(R) Xeon(R) CPU           E7340  @ 2.40GHz","2400084481","4","16","16","VMware ESXi","5.0.0","469512","USE850JB1W","I17"
"2012-01-04 01:06:10","vc-dev-1.vmware.com",,"wdc-devtest1-10.vmware.com","34343335-3237-5553-4538-35304a423141","connected","poweredOn","HP","ProLiant BL680c G5","68716048384","Intel(R) Xeon(R) CPU           E7340  @ 2.40GHz","2400084557","4","16","16","VMware ESXi","5.0.0","469512","USE850JB1A","I17"
"2012-01-04 01:06:10","vc-dev-1.vmware.com",,"wdc-devtest1-12.vmware.com","34343335-3237-5553-4538-35304a423137","connected","poweredOn","HP","ProLiant BL680c G5","68716048384","Intel(R) Xeon(R) CPU           E7340  @ 2.40GHz","2400084758","4","16","16","VMware ESXi","5.0.0","469512","USE850JB17","I17"
"2012-01-04 01:06:10","vc-dev-1.vmware.com",,"wdc-devtest1-11.vmware.com","34343335-3237-5553-4538-35304a423233","connected","poweredOn","HP","ProLiant BL680c G5","68716048384","Intel(R) Xeon(R) CPU           E7340  @ 2.40GHz","2400084435","4","16","16","VMware ESXi","5.0.0","469512","USE850JB23","I17"
"2012-01-04 01:06:10","vc-dev-1.vmware.com",,"wdc-devtest3-5.vmware.com","34343335-3237-5553-4538-35304a423236","connected","poweredOn","HP","ProLiant BL680c G5","68716048384","Intel(R) Xeon(R) CPU           E7340  @ 2.40GHz","2400084525","4","16","16","VMware ESXi","5.0.0","469512","USE850JB26","I17"
"2012-01-04 01:06:10","vc-dev-1.vmware.com",,"wdc-devtest3-4.vmware.com","34343335-3237-5553-4538-35304a423152","connected","poweredOn","HP","ProLiant BL680c G5","68716048384","Intel(R) Xeon(R) CPU           E7340  @ 2.40GHz","2400084834","4","16","16","VMware ESXi","5.0.0","469512","USE850JB1R","I17"
"2012-01-04 01:06:10","vc-dev-1.vmware.com",,"wdc-devtest3-3.vmware.com","34343335-3237-5553-4538-35304a423142","connected","poweredOn","HP","ProLiant BL680c G5","68716048384","Intel(R) Xeon(R) CPU           E7340  @ 2.40GHz","2400084507","4","16","16","VMware ESXi","5.0.0","469512","USE850JB1B","I17"
"2012-01-04 01:06:10","vc-dev-1.vmware.com",,"wdc-devtest3-2.vmware.com","34343335-3237-5553-4538-35314a434637","connected","poweredOn","HP","ProLiant BL680c G5","34356310016","Intel(R) Xeon(R) CPU           E7340  @ 2.40GHz","2400084557","4","16","16","VMware ESXi","5.0.0","469512","USE851JCF7","I17"
"2012-01-04 01:06:10","vc-dev-1.vmware.com",,"wdc-devtest3-1.vmware.com","34343335-3237-5553-4538-35324a4c4342","connected","poweredOn","HP","ProLiant BL680c G5","68716048384","Intel(R) Xeon(R) CPU           E7340  @ 2.40GHz","2400084731","4","16","16","VMware ESXi","5.0.0","469512","USE852JLCB","I17"
"2012-01-04 01:06:10","vc-dev-1.vmware.com",,"wdc-devtest1-7.vmware.com","34343335-3237-5553-4538-35304a423159","connected","poweredOn","HP","ProLiant BL680c G5","68716048384","Intel(R) Xeon(R) CPU           E7340  @ 2.40GHz","2400084983","4","16","16","VMware ESXi","5.0.0","474610","USE850JB1Y","I17"
"2012-01-04 01:06:10","vc-dev-1.vmware.com",,"wdc-devtest1-1.vmware.com","34343335-3237-5553-4538-35304a42314d","connected","poweredOn","HP","ProLiant BL680c G5","68716048384","Intel(R) Xeon(R) CPU           E7340  @ 2.40GHz","2400084787","4","16","16","VMware ESXi","5.0.0","474610","USE850JB1M","I17"
"2012-01-04 01:06:10","vc-dev-1.vmware.com",,"wdc-devtest1-2.vmware.com","34343335-3237-5553-4538-35304a423234","connected","poweredOn","HP","ProLiant BL680c G5","68716048384","Intel(R) Xeon(R) CPU           E7340  @ 2.40GHz","2400084881","4","16","16","VMware ESXi","5.0.0","474610","USE850JB24","I17"
"2012-01-04 01:06:10","vc-dev-1.vmware.com",,"wdc-devtest1-3.vmware.com","34343335-3237-5553-4538-35304a423138","connected","poweredOn","HP","ProLiant BL680c G5","68716048384","Intel(R) Xeon(R) CPU           E7340  @ 2.40GHz","2400084938","4","16","16","VMware ESXi","5.0.0","474610","USE850JB18","I17"
"2012-01-04 01:06:10","vc-dev-1.vmware.com",,"wdc-devtest1-4.vmware.com","34343335-3237-5553-4538-35304a423144","connected","poweredOn","HP","ProLiant BL680c G5","68716048384","Intel(R) Xeon(R) CPU           E7340  @ 2.40GHz","2400084885","4","16","16","VMware ESXi","5.0.0","474610","USE850JB1D","I17"
"2012-01-04 01:06:10","vc-dev-1.vmware.com",,"wdc-devtest1-5.vmware.com","34343335-3237-5553-4538-35304a423154","connected","poweredOn","HP","ProLiant BL680c G5","68716048384","Intel(R) Xeon(R) CPU           E7340  @ 2.40GHz","2400084546","4","16","16","VMware ESXi","5.0.0","474610","USE850JB1T","I17"
"2012-01-04 01:06:10","vc-dev-1.vmware.com",,"wdc-devtest1-6.vmware.com","34343335-3237-5553-4538-35304a42314a","connected","poweredOn","HP","ProLiant BL680c G5","68716048384","Intel(R) Xeon(R) CPU           E7340  @ 2.40GHz","2400084941","4","16","16","VMware ESXi","5.0.0","474610","USE850JB1J","I17"
"2012-01-04 01:06:10","vc-dev-1.vmware.com",,"wdc-itlab1-1.vmware.com","36343337-3835-5553-4531-333244544c36","connected","poweredOn","HP","ProLiant BL680c G7","549744906240","Intel(R) Xeon(R) CPU E7- 4850  @ 2.00GHz","1997833198","4","40","80","VMware ESXi","5.0.0","474610",,"I25"
"2012-01-04 01:06:10","vc-dev-1.vmware.com",,"wdc-itlab1-2.vmware.com","36343337-3835-5553-4531-333244544c37","connected","poweredOn","HP","ProLiant BL680c G7","549744906240","Intel(R) Xeon(R) CPU E7- 4850  @ 2.00GHz","1997833564","4","40","80","VMware ESXi","5.0.0","474610",,"I25"
"2012-01-04 01:06:10","vc-dev-1.vmware.com",,"wdc-itlab1-3.vmware.com","36343337-3835-5553-4531-333244544c34","connected","poweredOn","HP","ProLiant BL680c G7","549744906240","Intel(R) Xeon(R) CPU E7- 4850  @ 2.00GHz","1997833658","4","40","80","VMware ESXi","5.0.0","474610",,"I25"
"2012-01-04 01:06:10","vc-dev-1.vmware.com",,"wdc-itlab1-4.vmware.com","00000000-0000-5755-4330-433956305a30","connected","poweredOn","HP","ProLiant BL680c G7","549744910336","Intel(R) Xeon(R) CPU E7- 4850  @ 2.00GHz","1997833155","4","40","80","VMware ESXi","5.0.0","474610",,"I25"
"2012-01-04 01:06:10","vc-dev-1.vmware.com",,"wdc-itlab2-1.vmware.com","36303337-3138-5553-4531-333244544c32","connected","poweredOn","HP","ProLiant BL460c G7","103068446720","Intel(R) Xeon(R) CPU           E5649  @ 2.53GHz","2533422528","2","12","24","VMware ESXi","5.0.0","474610",,"I27"
"2012-01-04 01:06:10","vc-dev-1.vmware.com",,"wdc-itlab2-2.vmware.com","36303337-3138-5553-4531-333244544c33","connected","poweredOn","HP","ProLiant BL460c G7","103068446720","Intel(R) Xeon(R) CPU           E5649  @ 2.53GHz","2533422874","2","12","24","VMware ESXi","5.0.0","474610",,"I27"
"2012-01-04 01:06:10","vc-dev-1.vmware.com",,"wdc-loadtest-vmg1-1.vmware.com","34343335-3237-5553-4538-35324a4c4345","connected","poweredOn","HP","ProLiant BL680c G5","137435525120","Intel(R) Xeon(R) CPU           E7340  @ 2.40GHz","2400084423","4","16","16","VMware ESXi","5.0.0","474610","USE852JLCE","I17"
"2012-01-04 01:06:10","vc-dev-1.vmware.com",,"wdc-loadtest-vmg1-10.vmware.com","34343335-3237-5553-4538-35324a4c4338","connected","poweredOn","HP","ProLiant BL680c G5","68716048384","Intel(R) Xeon(R) CPU           E7340  @ 2.40GHz","2400084738","4","16","16","VMware ESXi","5.0.0","474610",,"I17"
"2012-01-04 01:06:10","vc-dev-1.vmware.com",,"wdc-loadtest-vmg1-12.vmware.com","34343335-3237-5553-4538-35324a4c4333","connected","poweredOn","HP","ProLiant BL680c G5","68716048384","Intel(R) Xeon(R) CPU           E7340  @ 2.40GHz","2400084977","4","16","16","VMware ESXi","5.0.0","474610","USE852JLC3","I17"
"2012-01-04 01:06:10","vc-dev-1.vmware.com",,"wdc-loadtest-vmg1-11.vmware.com","34343335-3237-5553-4538-35304a423148","connected","poweredOn","HP","ProLiant BL680c G5","68716048384","Intel(R) Xeon(R) CPU           E7340  @ 2.40GHz","2400084947","4","16","16","VMware ESXi","5.0.0","474610","USE850JB1H","I17"
"2012-01-04 01:06:10","vc-dev-1.vmware.com",,"wdc-loadtest-vmg1-2.vmware.com","34343335-3237-5553-4538-35324a4c4332","connected","poweredOn","HP","ProLiant BL680c G5","137435525120","Intel(R) Xeon(R) CPU           E7340  @ 2.40GHz","2400084645","4","16","16","VMware ESXi","5.0.0","474610",,"I17"
"2012-01-04 01:06:10","vc-dev-1.vmware.com",,"wdc-loadtest-vmg1-3.vmware.com","34343335-3237-5553-4538-35324a4c4343","connected","poweredOn","HP","ProLiant BL680c G5","68716048384","Intel(R) Xeon(R) CPU           E7340  @ 2.40GHz","2400084959","4","16","16","VMware ESXi","5.0.0","474610","USE852JLCC","I17"
"2012-01-04 01:06:10","vc-dev-1.vmware.com",,"wdc-loadtest-vmg1-5.vmware.com","34343335-3237-5553-4538-35304a423143","connected","poweredOn","HP","ProLiant BL680c G5","68716048384","Intel(R) Xeon(R) CPU           E7340  @ 2.40GHz","2400084840","4","16","16","VMware ESXi","5.0.0","474610","USE850JB1C","I17"
"2012-01-04 01:06:10","vc-dev-1.vmware.com",,"wdc-loadtest-vmg1-6.vmware.com","34343335-3237-5553-4538-35304a423146","connected","poweredOn","HP","ProLiant BL680c G5","68716048384","Intel(R) Xeon(R) CPU           E7340  @ 2.40GHz","2400084854","4","16","16","VMware ESXi","5.0.0","474610","USE850JB1F","I17"
"2012-01-04 01:06:10","vc-dev-1.vmware.com",,"wdc-loadtest-vmg1-7.vmware.com","34343335-3237-5553-4538-35304a423231","connected","poweredOn","HP","ProLiant BL680c G5","68716048384","Intel(R) Xeon(R) CPU           E7340  @ 2.40GHz","2400084759","4","16","16","VMware ESXi","5.0.0","474610",,"I17"
"2012-01-04 01:06:10","vc-dev-1.vmware.com",,"wdc-loadtest-vmg1-8.vmware.com","34343335-3237-5553-4538-35304a42314b","connected","poweredOn","HP","ProLiant BL680c G5","68716048384","Intel(R) Xeon(R) CPU           E7340  @ 2.40GHz","2400084553","4","16","16","VMware ESXi","5.0.0","474610","USE850JB1K","I17"
"2012-01-04 01:06:10","vc-dev-1.vmware.com",,"wdc-loadtest-vmg1-9.vmware.com","34343335-3237-5553-4538-35304a423235","connected","poweredOn","HP","ProLiant BL680c G5","68716048384","Intel(R) Xeon(R) CPU           E7340  @ 2.40GHz","2400084934","4","16","16","VMware ESXi","5.0.0","474610","USE850JB25","I17"
"2012-01-04 01:06:10","vc-dev-1.vmware.com",,"wdc-loadtest-vmg1-4.vmware.com","34343335-3237-5553-4538-35324a4c4341","connected","poweredOn","HP","ProLiant BL680c G5","68716048384","Intel(R) Xeon(R) CPU           E7340  @ 2.40GHz","2400084753","4","16","16","VMware ESXi","5.0.0","474610","USE852JLCA","I17"
"2012-01-04 01:06:10","vc-dev-1.vmware.com",,"wdc-lt-vmg1-1.vmware.com","36303337-3139-5553-4531-313238355353","connected","poweredOn","HP","ProLiant BL490c G7","103068413952","Intel(R) Xeon(R) CPU           X5650  @ 2.67GHz","2666760472","2","12","24","VMware ESXi","5.0.0","504890",,"I28"
"2012-01-04 01:06:10","vc-dev-1.vmware.com",,"wdc-lt-vmg1-2.vmware.com","36303337-3139-5553-4531-313238355446","connected","poweredOn","HP","ProLiant BL490c G7","103068413952","Intel(R) Xeon(R) CPU           X5650  @ 2.67GHz","2666760671","2","12","24","VMware ESXi","5.0.0","504890",,"I28"
"2012-01-04 01:06:10","vc-dev-1.vmware.com",,"wdc-lt-vmg1-3.vmware.com","36303337-3139-5553-4531-33394654584e","connected","poweredOn","HP","ProLiant BL490c G7","154608021504","Intel(R) Xeon(R) CPU           X5675  @ 3.07GHz","3066775097","2","12","24","VMware ESXi","5.0.0","504890",,"I28"
"2012-01-04 01:06:10","vc-dev-1.vmware.com",,"wdc-lt-vmg1-4.vmware.com","36303337-3139-5553-4531-333946545850","connected","poweredOn","HP","ProLiant BL490c G7","154608021504","Intel(R) Xeon(R) CPU           X5675  @ 3.07GHz","3066774819","2","12","24","VMware ESXi","5.0.0","504890",,"I28"
"2012-01-04 01:06:10","vc-dev-1.vmware.com",,"wdc-lt-vmg1-5.vmware.com","36303337-3139-5553-4531-333946545853","connected","poweredOn","HP","ProLiant BL490c G7","154608021504","Intel(R) Xeon(R) CPU           X5675  @ 3.07GHz","3066775117","2","12","24","VMware ESXi","5.0.0","504890",,"I28"
"2012-01-04 01:06:10","vc-dev-1.vmware.com",,"wdc-lt-vmg1-6.vmware.com","36303337-3139-5553-4531-333946545852","connected","poweredOn","HP","ProLiant BL490c G7","154608021504","Intel(R) Xeon(R) CPU           X5675  @ 3.07GHz","3066774501","2","12","24","VMware ESXi","5.0.0","504890",,"I28"
"2012-01-04 01:06:10","vc-dev-1.vmware.com",,"wdc-lt-vmg2-2.vmware.com","36343337-3836-5553-4531-34364b573554","connected","poweredOn","HP","ProLiant BL620c G7","274866999296","Intel(R) Xeon(R) CPU E7- 2870  @ 2.40GHz","2397400405","2","20","40","VMware ESXi","5.0.0","504890",,"I25"
"2012-01-04 01:06:10","vc-dev-1.vmware.com",,"wdc-lt-vmg2-1.vmware.com","36343337-3836-5553-4531-34364b57354d","connected","poweredOn","HP","ProLiant BL620c G7","274866999296","Intel(R) Xeon(R) CPU E7- 2870  @ 2.40GHz","2397399831","2","20","40","VMware ESXi","5.0.0","504890",,"I25"
"2012-01-04 01:06:10","vc-dev-1.vmware.com",,"wdc-qai-vmg1-1.vmware.com","34393133-3338-5553-4530-313359575046","connected","poweredOn","HP","ProLiant BL685c G6","137435648000","Six-Core AMD Opteron(tm) Processor 8435","2600088942","4","24","24","VMware ESXi","5.0.0","474610",,"A17"
"2012-01-04 01:06:10","vc-dev-1.vmware.com",,"wdc-qai-vmg1-2.vmware.com","34393133-3338-5553-4530-313359575038","connected","poweredOn","HP","ProLiant BL685c G6","137435648000","Six-Core AMD Opteron(tm) Processor 8435","2600089675","4","24","24","VMware ESXi","5.0.0","474610",,"A17"
"2012-01-04 01:06:10","vc-dev-1.vmware.com",,"wdc-qai-vmg1-3.vmware.com","34393133-3338-5553-4530-31335957504c","connected","poweredOn","HP","ProLiant BL685c G6","137435648000","Six-Core AMD Opteron(tm) Processor 8435","2600090612","4","24","24","VMware ESXi","5.0.0","474610",,"A17"
"2012-01-04 01:06:10","vc-dev-1.vmware.com",,"wdc-qai-vmg1-4.vmware.com","34393133-3338-5553-4530-313359575042","connected","poweredOn","HP","ProLiant BL685c G6","137435648000","Six-Core AMD Opteron(tm) Processor 8435","2600089703","4","24","24","VMware ESXi","5.0.0","474610",,"A17"
"2012-01-04 01:06:10","vc-dev-1.vmware.com",,"wdc-qai-vmg1-5.vmware.com","34393133-3338-5553-4530-313359575037","connected","poweredOn","HP","ProLiant BL685c G6","137435648000","Six-Core AMD Opteron(tm) Processor 8435","2600089887","4","24","24","VMware ESXi","5.0.0","474610",,"A17"
"2012-01-04 01:06:10","vc-dev-1.vmware.com",,"wdc-qai-vmg1-6.vmware.com","34393133-3338-5553-4530-313359575043","connected","poweredOn","HP","ProLiant BL685c G6","137435648000","Six-Core AMD Opteron(tm) Processor 8435","2600090001","4","24","24","VMware ESXi","5.0.0","474610",,"A17"
"2012-01-04 01:06:10","vc-dev-1.vmware.com",,"wdc-qai-vmg1-7.vmware.com","34393133-3338-5553-4530-31335957504a","connected","poweredOn","HP","ProLiant BL685c G6","137435648000","Six-Core AMD Opteron(tm) Processor 8435","2600089222","4","24","24","VMware ESXi","5.0.0","474610",,"A17"
"2012-01-04 01:06:10","vc-dev-1.vmware.com",,"wdc-qai-vmg1-8.vmware.com","34393133-3338-5553-4530-313359575035","connected","poweredOn","HP","ProLiant BL685c G6","137435648000","Six-Core AMD Opteron(tm) Processor 8435","2600090181","4","24","24","VMware ESXi","5.0.0","474610",,"A17"
"2012-01-04 01:06:10","vc-dev-1.vmware.com",,"wdc-uat-vmg1-9.vmware.com","34393133-3338-5553-4530-303658443450","connected","poweredOn","HP","ProLiant BL685c G6","137435648000","Six-Core AMD Opteron(tm) Processor 8435","2600090408","4","24","24","VMware ESXi","5.0.0","474610",,"A17"
"2012-01-04 01:06:10","vc-dev-1.vmware.com",,"wdc-uat-vmg1-10.vmware.com","34393133-3338-5553-4530-30365844344a","connected","poweredOn","HP","ProLiant BL685c G6","137435648000","Six-Core AMD Opteron(tm) Processor 8435","2600089879","4","24","24","VMware ESXi","5.0.0","474610","USE006XD4J","A17"
"2012-01-04 01:06:10","vc-dev-1.vmware.com",,"wdc-uat-vmg1-11.vmware.com","34393133-3338-5553-4530-303658443530","connected","poweredOn","HP","ProLiant BL685c G6","137435648000","Six-Core AMD Opteron(tm) Processor 8435","2600090077","4","24","24","VMware ESXi","5.0.0","474610","USE006XD50","A17"
"2012-01-04 01:06:10","vc-dev-1.vmware.com",,"wdc-uat-vmg1-12.vmware.com","34393133-3338-5553-4530-303658443448","connected","poweredOn","HP","ProLiant BL685c G6","137435648000","Six-Core AMD Opteron(tm) Processor 8435","2600089986","4","24","24","VMware ESXi","5.0.0","474610","USE006XD4H","A17"
"2012-01-04 01:06:10","vc-dev-1.vmware.com",,"wdc-uat-vmg1-13.vmware.com","34393133-3338-5553-4530-303658443453","connected","poweredOn","HP","ProLiant BL685c G6","137435648000","Six-Core AMD Opteron(tm) Processor 8435","2600090239","4","24","24","VMware ESXi","5.0.0","474610","USE006XD4S","A17"
"2012-01-04 01:06:10","vc-dev-1.vmware.com",,"wdc-uat-vmg1-14.vmware.com","34393133-3338-5553-4530-303658443454","connected","poweredOn","HP","ProLiant BL685c G6","137435648000","Six-Core AMD Opteron(tm) Processor 8435","2600089776","4","24","24","VMware ESXi","5.0.0","474610","USE006XD4T","A17"
"2012-01-04 01:06:10","vc-dev-1.vmware.com",,"wdc-uat-vmg1-15.vmware.com","34393133-3338-5553-4530-30365844344e","connected","poweredOn","HP","ProLiant BL685c G6","137435648000","Six-Core AMD Opteron(tm) Processor 8435","2600089784","4","24","24","VMware ESXi","5.0.0","474610",,"A17"
"2012-01-04 01:06:10","vc-dev-1.vmware.com",,"wdc-uat-vmg1-16.vmware.com","34393133-3338-5553-4530-303658443452","connected","poweredOn","HP","ProLiant BL685c G6","137435648000","Six-Core AMD Opteron(tm) Processor 8435","2600089794","4","24","24","VMware ESXi","5.0.0","474610","USE006XD4R","A17"
"2012-01-04 01:06:10","vc-dev-1.vmware.com",,"wdc-uat-vmg1-2.vmware.com","34393133-3338-5553-4530-30365844344c","connected","poweredOn","HP","ProLiant BL685c G6","137435648000","Six-Core AMD Opteron(tm) Processor 8435","2600089972","4","24","24","VMware ESXi","5.0.0","474610","USE006XD4L","A17"
"2012-01-04 01:06:10","vc-dev-1.vmware.com",,"wdc-uat-vmg1-3.vmware.com","34393133-3338-5553-4530-303658443457","connected","poweredOn","HP","ProLiant BL685c G6","137435648000","Six-Core AMD Opteron(tm) Processor 8435","2600089904","4","24","24","VMware ESXi","5.0.0","474610","USE006XD4W","A17"
"2012-01-04 01:06:10","vc-dev-1.vmware.com",,"wdc-uat-vmg1-4.vmware.com","34393133-3338-5553-4530-303658443458","connected","poweredOn","HP","ProLiant BL685c G6","137435648000","Six-Core AMD Opteron(tm) Processor 8435","2600090279","4","24","24","VMware ESXi","5.0.0","474610",,"A17"
"2012-01-04 01:06:10","vc-dev-1.vmware.com",,"wdc-uat-vmg1-5.vmware.com","34393133-3338-5553-4530-303658443531","connected","poweredOn","HP","ProLiant BL685c G6","137435648000","Six-Core AMD Opteron(tm) Processor 8435","2600089703","4","24","24","VMware ESXi","5.0.0","474610",,"A17"
"2012-01-04 01:06:10","vc-dev-1.vmware.com",,"wdc-uat-vmg1-6.vmware.com","34393133-3338-5553-4530-30365844344b","connected","poweredOn","HP","ProLiant BL685c G6","137435648000","Six-Core AMD Opteron(tm) Processor 8435","2600089823","4","24","24","VMware ESXi","5.0.0","474610","USE006XD4K","A17"
"2012-01-04 01:06:10","vc-dev-1.vmware.com",,"wdc-uat-vmg1-7.vmware.com","34393133-3338-5553-4530-303658443459","connected","poweredOn","HP","ProLiant BL685c G6","137435648000","Six-Core AMD Opteron(tm) Processor 8435","2600089955","4","24","24","VMware ESXi","5.0.0","474610",,"A17"
"2012-01-04 01:06:10","vc-dev-1.vmware.com",,"wdc-uat-vmg1-8.vmware.com","34393133-3338-5553-4530-303658443456","connected","poweredOn","HP","ProLiant BL685c G6","137435648000","Six-Core AMD Opteron(tm) Processor 8435","2600090091","4","24","24","VMware ESXi","5.0.0","474610","USE006XD4V","A17"
"2012-01-04 01:06:10","vc-dev-1.vmware.com",,"wdc-uat-vmg1-1.vmware.com","34393133-3338-5553-4530-30365844344d","connected","poweredOn","HP","ProLiant BL685c G6","137435648000","Six-Core AMD Opteron(tm) Processor 8435","2600090565","4","24","24","VMware ESXi","5.0.0","474610",,"A17"
"2012-01-04 01:06:10","vc-dev-1.vmware.com",,"lmacias-esx2.vmware.com","34383334-3437-5553-4539-34364e374c32","connected","poweredOn","HP","ProLiant ML350 G6","12874608640","Intel(R) Xeon(R) CPU           E5520  @ 2.27GHz","2266746068","2","8","16","VMware ESX","4.0.0","208167",,"D22"
"2012-01-04 01:06:10","vc-dev-1.vmware.com",,"lmacias-esx1.vmware.com","44454c4c-5200-1057-8058-b9c04f514231","connected","poweredOn","Dell Computer Corporation","PowerEdge 1800","8589664256","Intel(R) Xeon(TM) CPU 2.80GHz","2793000252","2","2","4","VMware ESX","3.5.0","82663",,""
"2012-01-04 01:06:10","vc-dev-1.vmware.com",,"zaigui-esx-1.vmware.com","34383334-3437-5553-4539-34364e374c33","connected","poweredOn","HP","ProLiant ML350 G6","12874137600","Intel(R) Xeon(R) CPU           E5520  @ 2.27GHz","2266746586","2","8","16","VMware ESXi","5.0.0","504890",,"D22"
"2012-01-04 01:06:10","vc-dev-1.vmware.com",,"osdc-ph3-vmg1-2.vmware.com","34303530-3234-5553-4537-333836393234","connected","poweredOn","HP","ProLiant BL685c G1","68717228032","Dual-Core AMD Opteron(tm) Processor 8218","2612035990","4","8","8","VMware ESXi","5.0.0","474610","USE7386924","A08"
"2012-01-04 01:06:10","vc-dev-1.vmware.com",,"osdc-ph3-vmg1-3.vmware.com","34303530-3234-5553-4537-333836414c45","connected","poweredOn","HP","ProLiant BL685c G1","68717228032","Dual-Core AMD Opteron(tm) Processor 8218","2612036014","4","8","8","VMware ESXi","5.0.0","474610","USE7386ALE","A08"
"2012-01-04 01:06:10","vc-dev-1.vmware.com",,"osdc-ph3-vmg1-4.vmware.com","34303530-3234-5553-4537-333836393235","connected","poweredOn","HP","ProLiant BL685c G1","68717228032","Dual-Core AMD Opteron(tm) Processor 8218","2612035805","4","8","8","VMware ESXi","5.0.0","474610","USE7386925","A08"
"2012-01-04 01:06:10","vc-dev-1.vmware.com",,"osdc-ph3-vmg1-5.vmware.com","34303530-3234-5553-4537-343537364c44","connected","poweredOn","HP","ProLiant BL685c G1","68717228032","Dual-Core AMD Opteron(tm) Processor 8218","2612035803","4","8","8","VMware ESXi","5.0.0","474610","USE74576LD","A08"
"2012-01-04 01:06:10","vc-dev-1.vmware.com",,"osdc-ph3-vmg1-7.vmware.com","34303530-3234-5553-4537-343537364c50","connected","poweredOn","HP","ProLiant BL685c G1","68717228032","Dual-Core AMD Opteron(tm) Processor 8218","2612036056","4","8","8","VMware ESXi","5.0.0","469512","USE74576LP","A08"
"2012-01-04 01:06:10","vc-dev-1.vmware.com",,"osdc-ph3-vmg1-8.vmware.com","34303530-3234-7573-6537-343537366c72","connected","poweredOn","HP","ProLiant BL685c G1","68717228032","Dual-Core AMD Opteron(tm) Processor 8218","2612036171","4","8","8","VMware ESXi","5.0.0","469512","use74576lr","A08"
"2012-01-04 01:06:10","vc-dev-1.vmware.com",,"osdc-ph3-vmg1-9.vmware.com","34303530-3234-5553-4537-343537364c53","connected","poweredOn","HP","ProLiant BL685c G1","68717228032","Dual-Core AMD Opteron(tm) Processor 8218","2612036031","4","8","8","VMware ESXi","5.0.0","469512","USE74576LS","A08"
"2012-01-04 01:06:10","vc-dev-1.vmware.com",,"osdc-ph3-vmg1-1.vmware.com","34303530-3234-5553-4537-313533573236","connected","poweredOn","HP","ProLiant BL685c G1","68717228032","Dual-Core AMD Opteron(tm) Processor 8218","2612035804","4","8","8","VMware ESXi","5.0.0","474610","USE7153W26","A08"
"2012-01-04 01:06:10","vc-dev-1.vmware.com",,"osdc-ph3-vmg1-6.vmware.com","34303530-3234-5553-4537-343537364c46","connected","poweredOn","HP","ProLiant BL685c G1","68717232128","Dual-Core AMD Opteron(tm) Processor 8218","2612036159","4","8","8","VMware ESXi","5.0.0","469512","USE74576LF","A08"
"2012-01-04 01:06:10","vc-dev-1.vmware.com",,"osdc-ph3-vmg2-1.vmware.com","34343335-3237-5553-4538-303939364246","connected","poweredOn","HP","ProLiant BL680c G5","68716048384","Intel(R) Xeon(R) CPU           E7340  @ 2.40GHz","2400084869","4","16","16","VMware ESXi","5.0.0","474610","USE80996BF","I17"
"2012-01-04 01:06:10","vc-dev-1.vmware.com",,"osdc-ph3-vmg2-5.vmware.com","34343335-3237-5553-4538-303939364339","connected","poweredOn","HP","ProLiant BL680c G5","68716048384","Intel(R) Xeon(R) CPU           E7340  @ 2.40GHz","2400084510","4","16","16","VMware ESXi","5.0.0","469512","USE80996C9","I17"
"2012-01-04 01:06:10","vc-dev-1.vmware.com",,"osdc-ph3-vmg2-2.vmware.com","34343335-3237-5553-4538-303939364232","connected","poweredOn","HP","ProLiant BL680c G5","68716048384","Intel(R) Xeon(R) CPU           E7340  @ 2.40GHz","2400084598","4","16","16","VMware ESXi","5.0.0","469512","USE80996B2","I17"
"2012-01-04 01:06:10","vc-dev-1.vmware.com",,"osdc-ph3-vmg2-3.vmware.com","34343335-3237-5553-4538-303939364254","connected","poweredOn","HP","ProLiant BL680c G5","68716048384","Intel(R) Xeon(R) CPU           E7340  @ 2.40GHz","2400084600","4","16","16","VMware ESXi","5.0.0","469512","USE80996BT","I17"
"2012-01-04 01:06:10","vc-dev-1.vmware.com",,"osdc-ph3-vmg2-4.vmware.com","34343335-3237-5553-4538-303939364243","connected","poweredOn","HP","ProLiant BL680c G5","68716048384","Intel(R) Xeon(R) CPU           E7340  @ 2.40GHz","2400084422","4","16","16","VMware ESXi","5.0.0","469512","USE80996BC","I17"
"2012-01-04 01:06:10","vc-dev-1.vmware.com",,"osdc-ph3-vmg2-6.vmware.com","34343335-3237-5553-4538-303939364242","connected","poweredOn","HP","ProLiant BL680c G5","68716048384","Intel(R) Xeon(R) CPU           E7340  @ 2.40GHz","2400084550","4","16","16","VMware ESXi","5.0.0","469512","USE80996BB","I17"
"2012-01-04 01:06:10","vc-dev-1.vmware.com",,"osdc-ph3-vmg2-7.vmware.com","34343335-3237-5553-4538-303939364153","connected","poweredOn","HP","ProLiant BL680c G5","68716048384","Intel(R) Xeon(R) CPU           E7340  @ 2.40GHz","2400084695","4","16","16","VMware ESXi","5.0.0","469512","USE80996AS","I17"
"2012-01-04 01:06:10","vc-dev-1.vmware.com",,"osdc-ph3-vmg2-9.vmware.com","34343335-3237-5553-4538-303939364258","connected","poweredOn","HP","ProLiant BL680c G5","68716048384","Intel(R) Xeon(R) CPU           E7340  @ 2.40GHz","2400084713","4","16","16","VMware ESXi","5.0.0","469512","USE80996BX","I17"
"2012-01-04 01:06:10","vc-dev-1.vmware.com",,"osdc-ph3-vmg2-8.vmware.com","34343335-3237-5553-4538-30393936424e","connected","poweredOn","HP","ProLiant BL680c G5","68716048384","Intel(R) Xeon(R) CPU           E7340  @ 2.40GHz","2400084626","4","16","16","VMware ESXi","5.0.0","469512","USE80996BN","I17"
"2012-01-04 01:06:10","vc-dev-1.vmware.com",,"osdc-ph3-wopsvmg1-4.vmware.com","34303530-3234-5553-4537-343236534636","connected","poweredOn","HP","ProLiant BL685c G1","68717228032","Dual-Core AMD Opteron(tm) Processor 8218","2612035823","4","8","8","VMware ESXi","5.0.0","469512","USE7426SF6","A08"
"2012-01-04 01:06:10","vc-dev-1.vmware.com",,"osdc-ph3-wopsvmg1-5.vmware.com","34303530-3234-5553-4537-343236533042","connected","poweredOn","HP","ProLiant BL685c G1","34357489664","Dual-Core AMD Opteron(tm) Processor 8218","2612036222","4","8","8","VMware ESXi","5.0.0","469512","USE7426S0B","A08"
"2012-01-04 01:06:10","vc-dev-1.vmware.com",,"osdc-ph3-wopsvmg1-6.vmware.com","34303530-3234-5553-4537-343236534637","connected","poweredOn","HP","ProLiant BL685c G1","68717228032","Dual-Core AMD Opteron(tm) Processor 8218","2612036196","4","8","8","VMware ESXi","5.0.0","469512","USE7426SF7","A08"
"2012-01-04 01:06:10","vc-dev-1.vmware.com",,"osdc-ph3-wopsvmg1-1.vmware.com","34303530-3234-5553-4537-343236533041","connected","poweredOn","HP","ProLiant BL685c G1","34357489664","Dual-Core AMD Opteron(tm) Processor 8218","2612035800","4","8","8","VMware ESXi","5.0.0","474610","USE7426S0A","A08"
"2012-01-04 01:06:10","vc-dev-1.vmware.com",,"osdc-ph3-wopsvmg1-2.vmware.com","34303530-3234-5553-4537-343236533038","connected","poweredOn","HP","ProLiant BL685c G1","34357489664","Dual-Core AMD Opteron(tm) Processor 8218","2612035718","4","8","8","VMware ESXi","5.0.0","469512","USE7426S08","A08"
"2012-01-04 01:06:10","vc-dev-1.vmware.com",,"osdc-ph3-wopsvmg1-3.vmware.com","34303530-3234-5553-4537-343236533039","connected","poweredOn","HP","ProLiant BL685c G1","34357489664","Dual-Core AMD Opteron(tm) Processor 8218","2612036017","4","8","8","VMware ESXi","5.0.0","469512","USE7426S09","A08"
"2012-01-04 01:06:10","vc-dev-1.vmware.com",,"vnoc-esx1.vmware.com","44454c4c-3600-1030-8054-b3c04f4e3831","connected","poweredOn","Dell Computer Corporation","PowerEdge 1800","2147221504","Intel(R) Xeon(TM) CPU 2.80GHz","2793000308","2","2","4","VMware ESX","3.5.0","110268",,"A05"
"2012-01-04 01:06:10","vc-dev-1.vmware.com",,"sc9-prod-vmg5-1.vmware.com","36303337-3139-5553-4531-31323835534c","notResponding","unknown","HP","ProLiant BL490c G7","103068418048","Intel(R) Xeon(R) CPU           X5650  @ 2.67GHz","2666760587","2","12","24","VMware ESXi","5.0.0","504890",,"I28"
"2012-01-04 01:16:24","vc-prod-1.vmware.com",,"wdc-prod-vmg1-3.vmware.com","35313838-3738-5553-4530-343233324a4b","connected","poweredOn","HP","ProLiant BL685c G7","274873352192","AMD Opteron(tm) Processor 6174","2199999125","4","48","48","VMware ESXi","5.0.0","474610","USE04232JK","A20"
"2012-01-04 01:16:24","vc-prod-1.vmware.com",,"wdc-prod-vmg1-4.vmware.com","35313838-3738-5553-4530-343233324a52","connected","poweredOn","HP","ProLiant BL685c G7","274873352192","AMD Opteron(tm) Processor 6174","2199999011","4","48","48","VMware ESXi","5.0.0","474610","USE04232JR","A20"
"2012-01-04 01:16:24","vc-prod-1.vmware.com",,"wdc-t2prod1-1.vmware.com","34343335-3237-5553-4538-35304a423150","connected","poweredOn","HP","ProLiant BL680c G5","68716048384","Intel(R) Xeon(R) CPU           E7340  @ 2.40GHz","2400085003","4","16","16","VMware ESXi","5.0.0","474610","USE850JB1P","I17"
"2012-01-04 01:16:24","vc-prod-1.vmware.com",,"wdc-t2prod1-2.vmware.com","34343335-3237-5553-4538-35304a42314c","connected","poweredOn","HP","ProLiant BL680c G5","68716048384","Intel(R) Xeon(R) CPU           E7340  @ 2.40GHz","2400084847","4","16","16","VMware ESXi","5.0.0","474610","USE850JB1L","I17"
"2012-01-04 01:16:24","vc-prod-1.vmware.com",,"wdc-t2prod1-3.vmware.com","34343335-3237-5553-4538-35324a4c4344","connected","poweredOn","HP","ProLiant BL680c G5","68716048384","Intel(R) Xeon(R) CPU           E7340  @ 2.40GHz","2400084691","4","16","16","VMware ESXi","5.0.0","474610","USE852JLCD","I17"
"2012-01-04 01:16:24","vc-prod-1.vmware.com",,"wdc-t2prod1-4.vmware.com","34343335-3237-5553-4538-35324a4c4330","connected","poweredOn","HP","ProLiant BL680c G5","68716048384","Intel(R) Xeon(R) CPU           E7340  @ 2.40GHz","2400084893","4","16","16","VMware ESXi","5.0.0","474610","USE852JLC0","I17"
"2012-01-04 01:16:24","vc-prod-1.vmware.com",,"dc-vmg2-1.vmware.com","454e3551-4e53-485a-3733-202020202020","connected","poweredOn","HP","ProLiant DL585 G1","34181476352","AMD Opteron (tm) Processor 880","2399921376","4","8","8","VMware ESX","4.1.0","348481",,"A01"
"2012-01-04 01:16:24","vc-prod-1.vmware.com",,"dc-vmg2-3.vmware.com","454e3552-4e53-485a-3733-202020202020","connected","poweredOn","HP","ProLiant DL585 G1","34182787072","AMD Opteron (tm) Processor 880","2399921484","4","8","8","VMware ESXi","4.1.0","320137",,"A01"
"2012-01-04 01:16:24","vc-prod-1.vmware.com",,"dc-vmg2-2.vmware.com","454e345a-4e53-485a-3733-202020202020","notResponding","unknown","HP","ProLiant DL585 G1","34183532544","AMD Opteron (tm) Processor 880","2399921844","4","8","8","VMware ESX","4.0.0","208167",,"A01"
"2012-01-04 01:16:24","vc-prod-1.vmware.com",,"paix-vmg1-1.vmware.com","ec78d303-6ca1-11df-ac63-c84c7568558a","connected","poweredOn","Cisco Systems Inc","R210-2121605W","68648173568","Intel(R) Xeon(R) CPU           X5650  @ 2.67GHz","2666761000","2","12","24","VMware ESX","4.1.0","348481",,"C200.1.2.1a.0.080820102357"
"2012-01-04 01:16:24","vc-prod-1.vmware.com",,"paix-vmg1-2.vmware.com","97ac6d11-6cbe-11df-b60e-c84c75685770","connected","poweredOn","Cisco Systems Inc","R210-2121605W","68650270720","Intel(R) Xeon(R) CPU           X5650  @ 2.67GHz","2666761000","2","12","24","VMware ESX","4.1.0","348481",,"C200.1.4.1.0.071320110702"
"2012-01-04 01:16:24","vc-prod-1.vmware.com",,"paix-vmg1-3.vmware.com","e149b482-6e05-11df-ae92-c84c75684b04","connected","poweredOn","Cisco Systems Inc","R210-2121605W","68650377216","Intel(R) Xeon(R) CPU           X5650  @ 2.67GHz","2666761351","2","12","24","VMware ESXi","5.0.0","474610",,"C200.1.4.1.0.071320110702"
"2012-01-04 01:16:24","vc-prod-1.vmware.com",,"promb-prod-vmg1-1.vmware.com","34313133-3737-5553-4537-31304e41314d","connected","poweredOn","HP","ProLiant DL365 G1","17177620480","Dual-Core AMD Opteron(tm) Processor 2220","2800098885","1","2","2","VMware ESXi","5.0.0","474610",,"A10"
"2012-01-04 01:16:24","vc-prod-1.vmware.com",,"promb-prod-vmg1-2.vmware.com","34313133-3737-5553-4537-31304e41314c","connected","poweredOn","HP","ProLiant DL365 G1","17177620480","Dual-Core AMD Opteron(tm) Processor 2220","2800099198","1","2","2","VMware ESXi","5.0.0","474610",,"A10"
"2012-01-04 01:16:24","vc-prod-1.vmware.com",,"felizondo-esx.vmware.com","34383334-3437-5553-4539-35314e325044","connected","poweredOn","HP","ProLiant ML350 G6","12874608640","Intel(R) Xeon(R) CPU           E5520  @ 2.27GHz","2266746306","2","8","16","VMware ESX","4.0.0","208167",,"D22"
"2012-01-04 01:16:24","vc-prod-1.vmware.com",,"osdc-dmz1-4.vmware.com","454e3539-4e53-485a-3733-202020202020","connected","poweredOn","HP","ProLiant DL585 G1","34181476352","AMD Opteron (tm) Processor 880","2399921472","4","8","8","VMware ESX","4.1.0","260247",,"A01"
"2012-01-04 01:16:24","vc-prod-1.vmware.com",,"osdc-vmg1-1.vmware.com","34343335-3237-5553-4538-303238384141","connected","poweredOn","HP","ProLiant BL680c G5","68716048384","Intel(R) Xeon(R) CPU           E7330  @ 2.40GHz","2400084552","4","16","16","VMware ESXi","5.0.0","474610","USE80288AA","I17"
"2012-01-04 01:16:24","vc-prod-1.vmware.com",,"osdc-vmg1-3.vmware.com","34343335-3237-5553-4538-303939364154","connected","poweredOn","HP","ProLiant BL680c G5","68716048384","Intel(R) Xeon(R) CPU           E7340  @ 2.40GHz","2400084756","4","16","16","VMware ESXi","5.0.0","474610","USE80996AT","I17"
"2012-01-04 01:16:24","vc-prod-1.vmware.com",,"osdc-vmg1-4.vmware.com","34343335-3237-5553-4538-303939364259","connected","poweredOn","HP","ProLiant BL680c G5","68716048384","Intel(R) Xeon(R) CPU           E7340  @ 2.40GHz","2400084599","4","16","16","VMware ESXi","5.0.0","474610",,"I17"
"2012-01-04 01:16:24","vc-prod-1.vmware.com",,"osdc-vmg1-5.vmware.com","34343335-3237-5553-4538-303939364156","connected","poweredOn","HP","ProLiant BL680c G5","68716048384","Intel(R) Xeon(R) CPU           E7340  @ 2.40GHz","2400084573","4","16","16","VMware ESXi","5.0.0","474610",,"I17"
"2012-01-04 01:16:24","vc-prod-1.vmware.com",,"osdc-vmg1-6.vmware.com","34343335-3237-5553-4538-303939364231","connected","poweredOn","HP","ProLiant BL680c G5","68716048384","Intel(R) Xeon(R) CPU           E7340  @ 2.40GHz","2400084598","4","16","16","VMware ESXi","5.0.0","474610",,"I17"
"2012-01-04 01:16:24","vc-prod-1.vmware.com",,"osdc-vmg1-2.vmware.com","34343335-3237-5553-4538-303939364248","connected","poweredOn","HP","ProLiant BL680c G5","68716048384","Intel(R) Xeon(R) CPU           E7340  @ 2.40GHz","2400084525","4","16","16","VMware ESXi","5.0.0","474610",,"I17"
"2012-01-04 01:16:24","vc-prod-1.vmware.com",,"osdc-vmg2-8.vmware.com","34343335-3237-5553-4538-303939364337","connected","poweredOn","HP","ProLiant BL680c G5","68716048384","Intel(R) Xeon(R) CPU           E7340  @ 2.40GHz","2400084792","3","12","12","VMware ESXi","5.0.0","474610",,"I17"
"2012-01-04 01:16:24","vc-prod-1.vmware.com",,"osdc-vmg2-1.vmware.com","34343335-3237-5553-4538-33394638444d","connected","poweredOn","HP","ProLiant BL680c G5","68716048384","Intel(R) Xeon(R) CPU           E7340  @ 2.40GHz","2400084599","4","16","16","VMware ESXi","5.0.0","474610",,"I17"
"2012-01-04 01:16:24","vc-prod-1.vmware.com",,"osdc-vmg2-2.vmware.com","34343335-3237-5553-4538-30393936424c","connected","poweredOn","HP","ProLiant BL680c G5","68716048384","Intel(R) Xeon(R) CPU           E7340  @ 2.40GHz","2400084589","4","16","16","VMware ESXi","5.0.0","474610",,"I17"
"2012-01-04 01:16:24","vc-prod-1.vmware.com",,"osdc-vmg2-3.vmware.com","34343335-3237-5553-4538-333946384457","connected","poweredOn","HP","ProLiant BL680c G5","68716048384","Intel(R) Xeon(R) CPU           E7340  @ 2.40GHz","2400084241","4","16","16","VMware ESXi","5.0.0","474610","USE839F8DW","I17"
"2012-01-04 01:16:24","vc-prod-1.vmware.com",,"osdc-vmg2-5.vmware.com","34343335-3237-5553-4538-333946384450","connected","poweredOn","HP","ProLiant BL680c G5","68716048384","Intel(R) Xeon(R) CPU           E7340  @ 2.40GHz","2400084708","4","16","16","VMware ESXi","5.0.0","474610","USE839F8DP","I17"
"2012-01-04 01:16:24","vc-prod-1.vmware.com",,"osdc-vmg2-6.vmware.com","34343335-3237-5553-4538-303939364236","connected","poweredOn","HP","ProLiant BL680c G5","68716048384","Intel(R) Xeon(R) CPU           E7340  @ 2.40GHz","2400084584","4","16","16","VMware ESXi","5.0.0","474610",,"I17"
"2012-01-04 01:16:24","vc-prod-1.vmware.com",,"osdc-vmg2-7.vmware.com","34343335-3237-5553-4538-303939364237","connected","poweredOn","HP","ProLiant BL680c G5","68716048384","Intel(R) Xeon(R) CPU           E7340  @ 2.40GHz","2400084624","4","16","16","VMware ESXi","5.0.0","474610","USE80996B7","I17"
"2012-01-04 01:16:24","vc-prod-1.vmware.com",,"osdc-vmg3-10.vmware.com","34303530-3234-7573-6537-333836393237","connected","poweredOn","HP","ProLiant BL685c G1","34357485568","Dual-Core AMD Opteron(tm) Processor 8218","2612035864","4","8","8","VMware ESXi","5.0.0","474610",,"A08"
"2012-01-04 01:16:24","vc-prod-1.vmware.com",,"osdc-vmg3-12.vmware.com","34303530-3234-5553-4537-313533573238","connected","poweredOn","HP","ProLiant BL685c G1","34357493760","Dual-Core AMD Opteron(tm) Processor 8218","2612036000","4","8","8","VMware ESXi","5.0.0","474610",,"A08"
"2012-01-04 01:16:24","vc-prod-1.vmware.com",,"osdc-vmg3-14.vmware.com","34303530-3234-5553-4537-313533573234","connected","poweredOn","HP","ProLiant BL685c G1","34357489664","Dual-Core AMD Opteron(tm) Processor 8218","2612035887","4","8","8","VMware ESXi","5.0.0","474610",,"A08"
"2012-01-04 01:16:24","vc-prod-1.vmware.com",,"osdc-vmg3-15.vmware.com","34303530-3234-5553-4537-333836414c46","connected","poweredOn","HP","ProLiant BL685c G1","34357489664","Dual-Core AMD Opteron(tm) Processor 8218","2612035874","4","8","8","VMware ESXi","5.0.0","474610","USE7386ALF","A08"
"2012-01-04 01:16:24","vc-prod-1.vmware.com",,"osdc-vmg3-4.vmware.com","34303530-3234-5553-4537-313533573231","connected","poweredOn","HP","ProLiant BL685c G1","68717228032","Dual-Core AMD Opteron(tm) Processor 8218","2612036061","4","8","8","VMware ESXi","5.0.0","474610",,"A08"
"2012-01-04 01:16:24","vc-prod-1.vmware.com",,"osdc-vmg3-9.vmware.com","34303530-3234-5553-4537-333836414c48","connected","poweredOn","HP","ProLiant BL685c G1","34357489664","Dual-Core AMD Opteron(tm) Processor 8218","2612035986","4","8","8","VMware ESXi","5.0.0","474610",,"A08"
"2012-01-04 01:16:24","vc-prod-1.vmware.com",,"osdc-vmg3-7.vmware.com","34303530-3234-5553-4537-333836414c4a","connected","poweredOn","HP","ProLiant BL685c G1","34357489664","Dual-Core AMD Opteron(tm) Processor 8218","2612035944","4","8","8","VMware ESXi","5.0.0","474610",,"A08"
"2012-01-04 01:16:24","vc-prod-1.vmware.com",,"osdc-stg-vmg1-7.vmware.com","34343335-3237-5553-4538-333946384532","connected","poweredOn","HP","ProLiant BL680c G5","68716048384","Intel(R) Xeon(R) CPU           E7340  @ 2.40GHz","2400084546","4","16","16","VMware ESXi","5.0.0","456551",,"I17"
"2012-01-04 01:16:24","vc-prod-1.vmware.com",,"osdc-stg-vmg1-1.vmware.com","34343335-3237-5553-4538-33394638444e","connected","poweredOn","HP","ProLiant BL680c G5","68716048384","Intel(R) Xeon(R) CPU           E7340  @ 2.40GHz","2400084885","4","16","16","VMware ESXi","5.0.0","474610",,"I17"
"2012-01-04 01:16:24","vc-prod-1.vmware.com",,"osdc-stg-vmg1-2.vmware.com","34343335-3237-5553-4538-333946384535","connected","poweredOn","HP","ProLiant BL680c G5","68716048384","Intel(R) Xeon(R) CPU           E7340  @ 2.40GHz","2400084533","4","16","16","VMware ESXi","5.0.0","474610",,"I17"
"2012-01-04 01:16:24","vc-prod-1.vmware.com",,"osdc-stg-vmg1-3.vmware.com","34343335-3237-5553-4538-333946384452","connected","poweredOn","HP","ProLiant BL680c G5","68716048384","Intel(R) Xeon(R) CPU           E7340  @ 2.40GHz","2400084822","4","16","16","VMware ESXi","5.0.0","474610","USE839F8DR","I17"
"2012-01-04 01:16:24","vc-prod-1.vmware.com",,"osdc-stg-vmg1-4.vmware.com","34343335-3237-5553-4538-333946384537","connected","poweredOn","HP","ProLiant BL680c G5","68716048384","Intel(R) Xeon(R) CPU           E7340  @ 2.40GHz","2400084904","4","16","16","VMware ESXi","5.0.0","474610",,"I17"
"2012-01-04 01:16:24","vc-prod-1.vmware.com",,"osdc-stg-vmg1-6.vmware.com","00000000-0000-5553-4538-333946384530","notResponding","unknown","HP","ProLiant BL680c G5","68716048384","Intel(R) Xeon(R) CPU           E7340  @ 2.40GHz","2400084709","4","16","16","VMware ESXi","5.0.0","504890","USE839F8E0","I17"
"2012-01-04 01:16:24","vc-prod-1.vmware.com",,"osdc-stg-vmg1-5.vmware.com","34343335-3237-5553-4538-333946384538","connected","poweredOn","HP","ProLiant BL680c G5","68715278336","Intel(R) Xeon(R) CPU           E7340  @ 2.40GHz","2400082461","4","16","16","VMware ESX","4.1.0","260247",,"I17"
"2012-01-04 01:16:24","vc-prod-1.vmware.com",,"osdc-vmg3-6.vmware.com","34303530-3234-5553-4537-33383636364a","connected","poweredOn","HP","ProLiant BL685c G1","34357489664","Dual-Core AMD Opteron(tm) Processor 8218","2612035951","4","8","8","VMware ESXi","5.0.0","474610",,"A08"
"2012-01-04 01:16:24","vc-prod-1.vmware.com",,"osdc-vmg2-4.vmware.com","34343335-3237-5553-4538-303939364244","connected","poweredOn","HP","ProLiant BL680c G5","68716048384","Intel(R) Xeon(R) CPU           E7340  @ 2.40GHz","2400084532","4","16","16","VMware ESXi","5.0.0","474610",,"I17"
"2012-01-04 01:16:24","vc-prod-1.vmware.com",,"sc9-prod-ebiz1-1.vmware.com","34343335-3237-5553-4538-303939364241","connected","poweredOn","HP","ProLiant BL680c G5","137435525120","Intel(R) Xeon(R) CPU           E7340  @ 2.40GHz","2400084472","4","16","16","VMware ESXi","5.0.0","474610",,"I17"
"2012-01-04 01:16:24","vc-prod-1.vmware.com",,"sc9-prod-ebiz1-2.vmware.com","34343335-3237-5553-4538-303939364245","connected","poweredOn","HP","ProLiant BL680c G5","137435525120","Intel(R) Xeon(R) CPU           E7340  @ 2.40GHz","2400084408","4","16","16","VMware ESXi","5.0.0","474610","USE80996BE","I17"
"2012-01-04 01:16:24","vc-prod-1.vmware.com",,"sc9-prod-ebiz1-3.vmware.com","34343335-3237-5553-4538-303939364152","connected","poweredOn","HP","ProLiant BL680c G5","137435525120","Intel(R) Xeon(R) CPU           E7340  @ 2.40GHz","2400084350","4","16","16","VMware ESXi","5.0.0","474610",,"I17"
"2012-01-04 01:16:24","vc-prod-1.vmware.com",,"sc9-prod-ebiz1-4.vmware.com","34343335-3237-5553-4538-303939364158","connected","poweredOn","HP","ProLiant BL680c G5","137435525120","Intel(R) Xeon(R) CPU           E7340  @ 2.40GHz","2400084716","4","16","16","VMware ESXi","5.0.0","474610","USE80996AX","I17"
"2012-01-04 01:16:24","vc-prod-1.vmware.com",,"sc9-prod-ebiz1-5.vmware.com","34343335-3237-5553-4538-303939364150","connected","poweredOn","HP","ProLiant BL680c G5","137435525120","Intel(R) Xeon(R) CPU           E7340  @ 2.40GHz","2400084967","4","16","16","VMware ESXi","5.0.0","474610","USE80996AP","I17"
"2012-01-04 01:16:24","vc-prod-1.vmware.com",,"sc9-prod-ebiz1-6.vmware.com","34343335-3237-5553-4538-303939364234","connected","poweredOn","HP","ProLiant BL680c G5","137435525120","Intel(R) Xeon(R) CPU           E7340  @ 2.40GHz","2400084555","4","16","16","VMware ESXi","5.0.0","474610",,"I17"
"2012-01-04 01:16:24","vc-prod-1.vmware.com",,"sc9-prod-ebiz1-7.vmware.com","34343335-3237-5553-4538-303939364332","connected","poweredOn","HP","ProLiant BL680c G5","137435525120","Intel(R) Xeon(R) CPU           E7340  @ 2.40GHz","2400084804","4","16","16","VMware ESXi","5.0.0","474610","USE80996C2","I17"
"2012-01-04 01:16:24","vc-prod-1.vmware.com",,"sc9-prod-ebiz1-8.vmware.com","34343335-3237-5553-4538-303939364336","connected","poweredOn","HP","ProLiant BL680c G5","137435525120","Intel(R) Xeon(R) CPU           E7340  @ 2.40GHz","2400084876","4","16","16","VMware ESXi","5.0.0","474610","USE80996C6","I17"
"2012-01-04 01:16:24","vc-prod-1.vmware.com",,"sc9-prod-vmg1-7.vmware.com","34343335-3237-5553-4538-333946384444","connected","poweredOn","HP","ProLiant BL680c G5","68716048384","Intel(R) Xeon(R) CPU           E7340  @ 2.40GHz","2400084293","4","16","16","VMware ESXi","5.0.0","474610",,"I17"
"2012-01-04 01:16:24","vc-prod-1.vmware.com",,"sc9-prod-vmg1-10.vmware.com","34343335-3237-5553-4538-333946384531","connected","poweredOn","HP","ProLiant BL680c G5","68716048384","Intel(R) Xeon(R) CPU           E7340  @ 2.40GHz","2400084686","4","16","16","VMware ESXi","5.0.0","474610","USE839F8E1","I17"
"2012-01-04 01:16:24","vc-prod-1.vmware.com",,"sc9-prod-vmg1-1.vmware.com","34343335-3237-5553-4538-333946384536","connected","poweredOn","HP","ProLiant BL680c G5","68716048384","Intel(R) Xeon(R) CPU           E7340  @ 2.40GHz","2400084530","4","16","16","VMware ESXi","5.0.0","474610",,"I17"
"2012-01-04 01:16:24","vc-prod-1.vmware.com",,"sc9-prod-vmg1-2.vmware.com","34343335-3237-5553-4538-333946384459","connected","poweredOn","HP","ProLiant BL680c G5","68716048384","Intel(R) Xeon(R) CPU           E7340  @ 2.40GHz","2400084381","4","16","16","VMware ESXi","5.0.0","474610",,"I17"
"2012-01-04 01:16:24","vc-prod-1.vmware.com",,"sc9-prod-vmg1-3.vmware.com","34343335-3237-5553-4538-333946384446","connected","poweredOn","HP","ProLiant BL680c G5","68716048384","Intel(R) Xeon(R) CPU           E7340  @ 2.40GHz","2400084568","4","16","16","VMware ESXi","5.0.0","474610",,"I17"
"2012-01-04 01:16:24","vc-prod-1.vmware.com",,"sc9-prod-vmg1-4.vmware.com","34343335-3237-5553-4538-333946384448","connected","poweredOn","HP","ProLiant BL680c G5","68716048384","Intel(R) Xeon(R) CPU           E7340  @ 2.40GHz","2400084426","4","16","16","VMware ESXi","5.0.0","474610",,"I17"
"2012-01-04 01:16:24","vc-prod-1.vmware.com",,"sc9-prod-vmg1-5.vmware.com","34343335-3237-5553-4538-33394638444a","connected","poweredOn","HP","ProLiant BL680c G5","68716048384","Intel(R) Xeon(R) CPU           E7340  @ 2.40GHz","2400084517","4","16","16","VMware ESXi","5.0.0","474610","USE839F8DJ","I17"
"2012-01-04 01:16:24","vc-prod-1.vmware.com",,"sc9-prod-vmg1-6.vmware.com","34343335-3237-5553-4538-33394638444c","connected","poweredOn","HP","ProLiant BL680c G5","68716048384","Intel(R) Xeon(R) CPU           E7340  @ 2.40GHz","2400084927","4","16","16","VMware ESXi","5.0.0","474610",,"I17"
"2012-01-04 01:16:24","vc-prod-1.vmware.com",,"sc9-prod-vmg1-11.vmware.com","34343335-3237-5553-4538-333946384445","connected","poweredOn","HP","ProLiant BL680c G5","68716048384","Intel(R) Xeon(R) CPU           E7340  @ 2.40GHz","2400084600","4","16","16","VMware ESXi","5.0.0","474610",,"I17"
"2012-01-04 01:16:24","vc-prod-1.vmware.com",,"sc9-prod-vmg1-12.vmware.com","34343335-3237-5553-4538-333946384533","connected","poweredOn","HP","ProLiant BL680c G5","68716048384","Intel(R) Xeon(R) CPU           E7340  @ 2.40GHz","2400084934","4","16","16","VMware ESXi","5.0.0","474610","USE839F8E3","I17"
"2012-01-04 01:16:24","vc-prod-1.vmware.com",,"sc9-prod-vmg1-8.vmware.com","34343335-3237-5553-4538-333946384534","connected","poweredOn","HP","ProLiant BL680c G5","68716048384","Intel(R) Xeon(R) CPU           E7340  @ 2.40GHz","2400084807","4","16","16","VMware ESXi","5.0.0","504890",,"I17"
"2012-01-04 01:16:24","vc-prod-1.vmware.com",,"sc9-prod-vmg1-9.vmware.com","34343335-3237-5553-4538-333946384454","connected","poweredOn","HP","ProLiant BL680c G5","68716048384","Intel(R) Xeon(R) CPU           E7340  @ 2.40GHz","2400084577","4","16","16","VMware ESXi","5.0.0","474610","USE839F8DT","I17"
"2012-01-04 01:16:24","vc-prod-1.vmware.com",,"sc9-prod-vmg3-1.vmware.com","35313838-3738-5553-4530-343233324a42","connected","poweredOn","HP","ProLiant BL685c G7","268430901248","AMD Opteron(tm) Processor 6174","2199998964","4","48","48","VMware ESXi","5.0.0","504890","USE04232JB","A20"
"2012-01-04 01:16:24","vc-prod-1.vmware.com",,"sc9-prod-vmg3-4.vmware.com","35313838-3738-5553-4530-343233324a50","connected","poweredOn","HP","ProLiant BL685c G7","274873352192","AMD Opteron(tm) Processor 6174","2199999119","4","48","48","VMware ESXi","5.0.0","504890",,"A20"
"2012-01-04 01:16:24","vc-prod-1.vmware.com",,"sc9-prod-vmg3-2.vmware.com","35313838-3738-5553-4530-343233324a43","connected","poweredOn","HP","ProLiant BL685c G7","274873352192","AMD Opteron(tm) Processor 6174","2199999211","4","48","48","VMware ESXi","5.0.0","504890","USE04232JC","A20"
"2012-01-04 01:16:24","vc-prod-1.vmware.com",,"sc9-prod-vmg3-7.vmware.com","35313838-3738-5553-4530-343233324a48","connected","poweredOn","HP","ProLiant BL685c G7","274873352192","AMD Opteron(tm) Processor 6174","2199999003","4","48","48","VMware ESXi","5.0.0","504890",,"A20"
"2012-01-04 01:16:24","vc-prod-1.vmware.com",,"sc9-prod-vmg3-3.vmware.com","35313838-3738-5553-4530-343233324a41","connected","poweredOn","HP","ProLiant BL685c G7","274873352192","AMD Opteron(tm) Processor 6174","2199999003","4","48","48","VMware ESXi","5.0.0","504890","USE04232JA","A20"
"2012-01-04 01:16:24","vc-prod-1.vmware.com",,"sc9-prod-vmg3-6.vmware.com","35313838-3738-5553-4530-343233324a4a","connected","poweredOn","HP","ProLiant BL685c G7","274873352192","AMD Opteron(tm) Processor 6174","2199999083","4","48","48","VMware ESXi","5.0.0","504890","USE04232JJS1","A20"
"2012-01-04 01:16:24","vc-prod-1.vmware.com",,"sc9-prod-vmg3-8.vmware.com","35313838-3738-5553-4530-343233324a4d","connected","poweredOn","HP","ProLiant BL685c G7","274873352192","AMD Opteron(tm) Processor 6174","2199998768","4","48","48","VMware ESXi","5.0.0","504890",,"A20"
"2012-01-04 01:16:24","vc-prod-1.vmware.com",,"sc9-prod-vmg4-2.vmware.com","36303337-3138-5553-4530-3431324d4c34","connected","poweredOn","HP","ProLiant BL460c G7","103068446720","Intel(R) Xeon(R) CPU           X5670  @ 2.93GHz","2933436674","2","12","24","VMware ESXi","5.0.0","504890",,"I27"
"2012-01-04 01:16:24","vc-prod-1.vmware.com",,"sc9-prod-vmg4-3.vmware.com","36303337-3138-5553-4530-3431324d4b4a","connected","poweredOn","HP","ProLiant BL460c G7","103068446720","Intel(R) Xeon(R) CPU           X5670  @ 2.93GHz","2933437141","2","12","24","VMware ESXi","5.0.0","504890",,"I27"
"2012-01-04 01:16:24","vc-prod-1.vmware.com",,"sc9-prod-vmg4-1.vmware.com","36303337-3138-5553-4530-3431324d4b50","connected","poweredOn","HP","ProLiant BL460c G7","103068446720","Intel(R) Xeon(R) CPU           X5670  @ 2.93GHz","2933437324","2","12","24","VMware ESXi","5.0.0","504890",,"I27"
"2012-01-04 01:16:24","vc-prod-1.vmware.com",,"sc9-prod-vmg4-5.vmware.com","36303337-3138-5553-4530-3431324d4c36","connected","poweredOn","HP","ProLiant BL460c G7","103068446720","Intel(R) Xeon(R) CPU           X5670  @ 2.93GHz","2933437099","2","12","24","VMware ESXi","5.0.0","504890",,"I27"
"2012-01-04 01:16:24","vc-prod-1.vmware.com",,"sc9-prod-vmg4-6.vmware.com","36303337-3138-5553-4530-3431324d4b53","connected","poweredOn","HP","ProLiant BL460c G7","103068446720","Intel(R) Xeon(R) CPU           X5670  @ 2.93GHz","2933436944","2","12","24","VMware ESXi","5.0.0","504890",,"I27"
"2012-01-04 01:16:24","vc-prod-1.vmware.com",,"sc9-prod-vmg4-7.vmware.com","36303337-3138-5553-4530-3431324d4c31","connected","poweredOn","HP","ProLiant BL460c G7","103068446720","Intel(R) Xeon(R) CPU           X5670  @ 2.93GHz","2933437095","2","12","24","VMware ESXi","5.0.0","504890",,"I27"
"2012-01-04 01:16:24","vc-prod-1.vmware.com",,"sc9-prod-vmg4-8.vmware.com","36303337-3138-5553-4530-3431324d4c41","connected","poweredOn","HP","ProLiant BL460c G7","103068446720","Intel(R) Xeon(R) CPU           X5670  @ 2.93GHz","2933437133","2","12","24","VMware ESXi","5.0.0","504890",,"I27"
"2012-01-04 01:16:24","vc-prod-1.vmware.com",,"sc9-prod-vmg4-9.vmware.com","36303337-3138-5553-4530-3431324d4c39","connected","poweredOn","HP","ProLiant BL460c G7","103068446720","Intel(R) Xeon(R) CPU           X5670  @ 2.93GHz","2933437064","2","12","24","VMware ESXi","5.0.0","504890",,"I27"
"2012-01-04 01:16:24","vc-prod-1.vmware.com",,"sc9-prod-vmg4-10.vmware.com","36303337-3138-5553-4530-3431324d4b4b","connected","poweredOn","HP","ProLiant BL460c G7","103068446720","Intel(R) Xeon(R) CPU           X5670  @ 2.93GHz","2933437256","2","12","24","VMware ESXi","5.0.0","504890",,"I27"
"2012-01-04 01:16:24","vc-prod-1.vmware.com",,"sc9-prod-vmg4-4.vmware.com","36303337-3138-5553-4530-3431324d4b58","connected","poweredOn","HP","ProLiant BL460c G7","103068446720","Intel(R) Xeon(R) CPU           X5670  @ 2.93GHz","2933436748","2","12","24","VMware ESXi","5.0.0","504890",,"I27"
"2012-01-04 01:16:24","vc-prod-1.vmware.com",,"sc9-prod-vmg2-5.vmware.com","34343335-3237-5553-4538-303939364238","connected","poweredOn","HP","ProLiant BL680c G5","68716048384","Intel(R) Xeon(R) CPU           E7340  @ 2.40GHz","2400084300","4","16","16","VMware ESXi","5.0.0","474610",,"I17"
"2012-01-04 01:16:24","vc-prod-1.vmware.com",,"sc9-prod-vmg2-6.vmware.com","34343335-3237-5553-4538-303939364239","connected","poweredOn","HP","ProLiant BL680c G5","68716048384","Intel(R) Xeon(R) CPU           E7340  @ 2.40GHz","2400084370","4","16","16","VMware ESXi","5.0.0","474610","USE80996B9","I17"
"2012-01-04 01:16:24","vc-prod-1.vmware.com",,"sc9-prod-vmg2-7.vmware.com","34343335-3237-5553-4538-30393936424d","connected","poweredOn","HP","ProLiant BL680c G5","68716048384","Intel(R) Xeon(R) CPU           E7340  @ 2.40GHz","2400084656","4","16","16","VMware ESXi","5.0.0","474610","USE80996BM","I17"
"2012-01-04 01:16:24","vc-prod-1.vmware.com",,"sc9-prod-vmg2-8.vmware.com","34343335-3237-5553-4538-303939364252","connected","poweredOn","HP","ProLiant BL680c G5","68716048384","Intel(R) Xeon(R) CPU           E7340  @ 2.40GHz","2400084586","4","16","16","VMware ESXi","5.0.0","474610",,"I17"
"2012-01-04 01:16:24","vc-prod-1.vmware.com",,"sc9-prod-vmg2-1.vmware.com","34343335-3237-5553-4538-35324a4c4331","connected","poweredOn","HP","ProLiant BL680c G5","68716048384","Intel(R) Xeon(R) CPU           E7340  @ 2.40GHz","2400084938","4","16","16","VMware ESXi","5.0.0","474610",,"I17"
"2012-01-04 01:16:24","vc-prod-1.vmware.com",,"sc9-prod-vmg2-2.vmware.com","34343335-3237-5553-4538-35304a423232","connected","poweredOn","HP","ProLiant BL680c G5","68716048384","Intel(R) Xeon(R) CPU           E7340  @ 2.40GHz","2400084904","4","16","16","VMware ESXi","5.0.0","474610","USE850JB22","I17"
"2012-01-04 01:16:24","vc-prod-1.vmware.com",,"sc9-prod-vmg2-3.vmware.com","34343335-3237-5553-4538-35324a4c4334","connected","poweredOn","HP","ProLiant BL680c G5","68716048384","Intel(R) Xeon(R) CPU           E7340  @ 2.40GHz","2400084917","4","16","16","VMware ESXi","5.0.0","474610","USE852JLC4","I17"
"2012-01-04 01:16:24","vc-prod-1.vmware.com",,"sc9-prod-vmg2-4.vmware.com","34343335-3237-5553-4538-303939364256","connected","poweredOn","HP","ProLiant BL680c G5","68716048384","Intel(R) Xeon(R) CPU           E7340  @ 2.40GHz","2400084503","4","16","16","VMware ESXi","5.0.0","474610","USE80996BV","I17"
"2012-01-04 01:16:24","vc-prod-1.vmware.com",,"sc9-prod-vmg3-9.vmware.com","35313838-3738-5553-4531-3239434d4c42","connected","poweredOn","HP","ProLiant BL685c G7","274873352192","AMD Opteron(tm) Processor 6176","2299998958","4","48","48","VMware ESXi","5.0.0","504890",,"A20"
"2012-01-04 01:16:24","vc-prod-1.vmware.com",,"sc9-prod-vmg3-10.vmware.com","35313838-3738-5553-4531-3239434d4c41","connected","poweredOn","HP","ProLiant BL685c G7","274873352192","AMD Opteron(tm) Processor 6176","2299998912","4","48","48","VMware ESXi","5.0.0","504890",,"A20"
"2012-01-04 01:16:24","vc-prod-1.vmware.com",,"sc9-prod-vmg3-11.vmware.com","35313838-3738-5553-4531-3239434d4c39","connected","poweredOn","HP","ProLiant BL685c G7","274873352192","AMD Opteron(tm) Processor 6176","2299999007","4","48","48","VMware ESXi","5.0.0","504890",,"A20"
"2012-01-04 01:16:24","vc-prod-1.vmware.com",,"sc9-prod-vmg3-12.vmware.com","35313838-3738-5553-4531-3239434d4c43","connected","poweredOn","HP","ProLiant BL685c G7","274873352192","AMD Opteron(tm) Processor 6176","2299998880","4","48","48","VMware ESXi","5.0.0","504890","USE129CMLC","A20"
"2012-01-04 01:16:24","vc-prod-1.vmware.com",,"sc9-prod-vmg5-1.vmware.com","36303337-3139-5553-4531-31323835534c","connected","poweredOn","HP","ProLiant BL490c G7","103068418048","Intel(R) Xeon(R) CPU           X5650  @ 2.67GHz","2666760587","2","12","24","VMware ESXi","5.0.0","504890",,"I28"
"2012-01-04 01:16:24","vc-prod-1.vmware.com",,"sc9-prod-vmg5-2.vmware.com","36303337-3139-5553-4531-313238355438","connected","poweredOn","HP","ProLiant BL490c G7","103068418048","Intel(R) Xeon(R) CPU           X5650  @ 2.67GHz","2666760520","2","12","24","VMware ESXi","5.0.0","504890",,"I28"
"2012-01-04 01:16:24","vc-prod-1.vmware.com",,"sc9-prod-vmg5-3.vmware.com","36303337-3139-5553-4531-34364b594232","connected","poweredOn","HP","ProLiant BL490c G7","154608021504","Intel(R) Xeon(R) CPU           X5675  @ 3.07GHz","3066774575","2","12","24","VMware ESXi","5.0.0","504890",,"I28"
"2012-01-04 01:16:24","vc-prod-1.vmware.com",,"sc9-prod-vmg5-4.vmware.com","36303337-3139-5553-4531-34364b594230","connected","poweredOn","HP","ProLiant BL490c G7","154608025600","Intel(R) Xeon(R) CPU           X5675  @ 3.07GHz","3066775242","2","12","24","VMware ESXi","5.0.0","504890",,"I28"
"2012-01-04 01:16:24","vc-prod-1.vmware.com",,"sc9-prod-vmg5-5.vmware.com","36303337-3139-5553-4531-34364b594231","connected","poweredOn","HP","ProLiant BL490c G7","154608021504","Intel(R) Xeon(R) CPU           X5675  @ 3.07GHz","3066775008","2","12","24","VMware ESXi","5.0.0","504890",,"I28"
"2012-01-04 01:16:24","vc-prod-1.vmware.com",,"sc9-prod-vmg5-6.vmware.com","36303337-3139-5553-4531-34364b594157","connected","poweredOn","HP","ProLiant BL490c G7","154608021504","Intel(R) Xeon(R) CPU           X5675  @ 3.07GHz","3066774568","2","12","24","VMware ESXi","5.0.0","504890",,"I28"
"2012-01-04 01:16:24","vc-prod-1.vmware.com",,"sc9-prod-vmg6-1.vmware.com","36343337-3836-5553-4531-34364b573458","connected","poweredOn","HP","ProLiant BL620c G7","274866999296","Intel(R) Xeon(R) CPU E7- 2870  @ 2.40GHz","2397400148","2","20","40","VMware ESXi","5.0.0","504890",,"I25"
"2012-01-04 01:16:24","vc-prod-1.vmware.com",,"sc9-prod-vmg6-2.vmware.com","36343337-3836-5553-4531-34364b573454","connected","poweredOn","HP","ProLiant BL620c G7","274866999296","Intel(R) Xeon(R) CPU E7- 2870  @ 2.40GHz","2397400279","2","20","40","VMware ESXi","5.0.0","504890",,"I25"
"2012-01-04 01:16:24","vc-prod-1.vmware.com",,"sc9-tmpesx-1.vmware.com","34313431-3039-5553-4537-35314e303651","connected","poweredOn","HP","ProLiant DL385 G2","4293193728","Dual-Core AMD Opteron(tm) Processor 2216","2400084612","2","4","4","VMware ESX","3.5.0","70356",,""
"2012-01-04 01:16:24","vc-prod-1.vmware.com",,"sc9-stage-ebiz1-7.vmware.com","34343335-3237-5553-4538-303939364250","connected","poweredOn","HP","ProLiant BL680c G5","68716150784","Intel(R) Xeon(R) CPU           E7340  @ 2.40GHz","2400084815","4","16","16","VMware ESXi","5.0.0","474610",,"I17"
"2012-01-04 01:16:24","vc-prod-1.vmware.com",,"sc9-stage-ebiz1-6.vmware.com","34343335-3237-5553-4538-30393936424b","connected","poweredOn","HP","ProLiant BL680c G5","68716048384","Intel(R) Xeon(R) CPU           E7340  @ 2.40GHz","2400084277","4","16","16","VMware ESXi","5.0.0","474610","USE80996BK","I17"
"2012-01-04 01:16:24","vc-prod-1.vmware.com",,"sc9-stage-ebiz1-1.vmware.com","34343335-3237-5553-4538-303939364338","connected","poweredOn","HP","ProLiant BL680c G5","137435627520","Intel(R) Xeon(R) CPU           E7340  @ 2.40GHz","2400084381","4","16","16","VMware ESXi","5.0.0","474610",,"I17"
"2012-01-04 01:16:24","vc-prod-1.vmware.com",,"sc9-stage-ebiz1-2.vmware.com","34343335-3237-5553-4538-303939364257","connected","poweredOn","HP","ProLiant BL680c G5","137435525120","Intel(R) Xeon(R) CPU           E7340  @ 2.40GHz","2400084775","4","16","16","VMware ESXi","5.0.0","474610",,"I17"
"2012-01-04 01:16:24","vc-prod-1.vmware.com",,"sc9-stage-ebiz1-3.vmware.com","34343335-3237-5553-4538-30393936424a","connected","poweredOn","HP","ProLiant BL680c G5","68716048384","Intel(R) Xeon(R) CPU           E7340  @ 2.40GHz","2400084541","4","16","16","VMware ESXi","5.0.0","474610","USE80996BJ","I17"
"2012-01-04 01:16:24","vc-prod-1.vmware.com",,"sc9-stage-ebiz1-4.vmware.com","34343335-3237-5553-4538-303939364159","connected","poweredOn","HP","ProLiant BL680c G5","68716048384","Intel(R) Xeon(R) CPU           E7340  @ 2.40GHz","2400084613","4","16","16","VMware ESXi","5.0.0","474610",,"I17"
"2012-01-04 01:16:24","vc-prod-1.vmware.com",,"sc9-stage-ebiz1-5.vmware.com","34343335-3237-5553-4538-303939364230","connected","poweredOn","HP","ProLiant BL680c G5","68716150784","Intel(R) Xeon(R) CPU           E7340  @ 2.40GHz","2400084225","4","16","16","VMware ESXi","5.0.0","474610",,"I17"
"2012-01-04 01:16:24","vc-prod-1.vmware.com",,"sc9-stage-ebiz1-8.vmware.com","34343335-3237-5553-4538-303939364334","connected","poweredOn","HP","ProLiant BL680c G5","68716150784","Intel(R) Xeon(R) CPU           E7340  @ 2.40GHz","2400084611","4","16","16","VMware ESXi","5.0.0","474610",,"I17"
"2012-01-04 01:16:24","vc-prod-1.vmware.com",,"sc9-stage-vmg1-1.vmware.com","34343335-3237-5553-4538-333946384458","connected","poweredOn","HP","ProLiant BL680c G5","68716048384","Intel(R) Xeon(R) CPU           E7340  @ 2.40GHz","2400084506","4","16","16","VMware ESXi","5.0.0","474610","USE839F8DX","I17"
"2012-01-04 01:16:24","vc-prod-1.vmware.com",,"sc9-stage-vmg1-2.vmware.com","34343335-3237-5553-4538-333946384453","connected","poweredOn","HP","ProLiant BL680c G5","68716048384","Intel(R) Xeon(R) CPU           E7340  @ 2.40GHz","2400084595","4","16","16","VMware ESXi","5.0.0","474610","USE839F8DS","I17"
"2012-01-04 01:16:24","vc-prod-1.vmware.com",,"sc9-stage-vmg1-3.vmware.com","34343335-3237-5553-4538-33394638444b","connected","poweredOn","HP","ProLiant BL680c G5","68716048384","Intel(R) Xeon(R) CPU           E7340  @ 2.40GHz","2400084500","4","16","16","VMware ESXi","5.0.0","474610","USE839F8DK","I17"
"2012-01-04 01:16:24","vc-prod-1.vmware.com",,"sc9-stage-vmg1-4.vmware.com","34343335-3237-5553-4538-333946384456","connected","poweredOn","HP","ProLiant BL680c G5","68716048384","Intel(R) Xeon(R) CPU           E7340  @ 2.40GHz","2400084686","4","16","16","VMware ESXi","5.0.0","474610","USE839F8DV","I17"
"2012-01-04 01:16:24","vc-prod-1.vmware.com",,"sc9-stage-vmg1-5.vmware.com","34343737-3037-5553-4538-30393936344c","connected","poweredOn","HP","ProLiant BL460c G1","34357514240","Intel(R) Xeon(R) CPU           E5430  @ 2.66GHz","2666761183","2","8","8","VMware ESXi","5.0.0","474610","USE809964L","I15"
"2012-01-04 01:16:24","vc-prod-1.vmware.com",,"sc9-stage-vmg1-6.vmware.com","34343737-3037-5553-4538-303939363453","connected","poweredOn","HP","ProLiant BL460c G1","34357514240","Intel(R) Xeon(R) CPU           E5430  @ 2.66GHz","2666760874","2","8","8","VMware ESXi","5.0.0","474610","USE809964S","I15"
"2012-01-04 01:16:24","vc-prod-1.vmware.com",,"sc9-stage-vmg2-2.vmware.com","35313838-3738-5553-4530-343233324a4c","connected","poweredOn","HP","ProLiant BL685c G7","274873352192","AMD Opteron(tm) Processor 6174","2199999013","4","48","48","VMware ESXi","5.0.0","474610",,"A20"
"2012-01-04 01:16:24","vc-prod-1.vmware.com",,"sc9-stage-vmg2-3.vmware.com","35313838-3738-5553-4530-343233324a4e","connected","poweredOn","HP","ProLiant BL685c G7","274873352192","AMD Opteron(tm) Processor 6174","2199998986","4","48","48","VMware ESXi","5.0.0","474610","USE04232JN","A20"
"2012-01-04 01:16:24","vc-prod-1.vmware.com",,"sc9-stage-vmg2-1.vmware.com","35313838-3738-5553-4530-343233324a44","connected","poweredOn","HP","ProLiant BL685c G7","274873352192","AMD Opteron(tm) Processor 6174","2199999112","4","48","48","VMware ESXi","5.0.0","474610",,"A20"
"2012-01-04 01:16:24","vc-prod-1.vmware.com",,"sc9-stage-vmg2-4.vmware.com","35313838-3738-5553-4531-3239434d4c44","connected","poweredOn","HP","ProLiant BL685c G7","274873352192","AMD Opteron(tm) Processor 6176","2299998677","4","48","48","VMware ESXi","5.0.0","474610",,"A20"
"2012-01-04 01:16:24","vc-prod-1.vmware.com",,"sc9-stage-vmg3-1.vmware.com","36303337-3139-5553-4531-313238355431","connected","poweredOn","HP","ProLiant BL490c G7","103068418048","Intel(R) Xeon(R) CPU           X5650  @ 2.67GHz","2666760812","2","12","24","VMware ESXi","5.0.0","504890",,"I28"
"2012-01-04 01:16:24","vc-prod-1.vmware.com",,"sc9-stage-vmg3-2.vmware.com","36303337-3139-5553-4531-313238355437","connected","poweredOn","HP","ProLiant BL490c G7","103068418048","Intel(R) Xeon(R) CPU           X5650  @ 2.67GHz","2666760640","2","12","24","VMware ESXi","5.0.0","504890",,"I28"
"2012-01-04 01:16:24","vc-prod-1.vmware.com",,"sc9-stage-vmg5-1.vmware.com","36303337-3139-5553-4531-313238355346","connected","poweredOn","HP","ProLiant BL490c G7","103068418048","Intel(R) Xeon(R) CPU           X5650  @ 2.67GHz","2666760948","2","12","24","VMware ESXi","5.0.0","504890",,"I28"
"2012-01-04 01:16:24","vc-prod-1.vmware.com",,"sc9-stage-vmg5-2.vmware.com","36303337-3139-5553-4531-313238355434","connected","poweredOn","HP","ProLiant BL490c G7","103068418048","Intel(R) Xeon(R) CPU           X5650  @ 2.67GHz","2666760658","2","12","24","VMware ESXi","5.0.0","504890",,"I28"
"2012-01-04 01:16:24","vc-prod-1.vmware.com",,"sc9-stage-vmg5-3.vmware.com","36303337-3139-5553-4531-34364b594158","connected","poweredOn","HP","ProLiant BL490c G7","154608021504","Intel(R) Xeon(R) CPU           X5675  @ 3.07GHz","3066774777","2","12","24","VMware ESXi","5.0.0","504890",,"I28"
"2012-01-04 01:16:24","vc-prod-1.vmware.com",,"sc9-stage-vmg5-4.vmware.com","36303337-3139-5553-4531-34364b594235","connected","poweredOn","HP","ProLiant BL490c G7","154608021504","Intel(R) Xeon(R) CPU           X5675  @ 3.07GHz","3066774693","2","12","24","VMware ESXi","5.0.0","504890",,"I28"
"2012-01-04 01:16:24","vc-prod-1.vmware.com",,"sc9-stage-vmg5-5.vmware.com","36303337-3139-5553-4531-34364b594244","connected","poweredOn","HP","ProLiant BL490c G7","154608021504","Intel(R) Xeon(R) CPU           X5675  @ 3.07GHz","3066774504","2","12","24","VMware ESXi","5.0.0","504890",,"I28"
"2012-01-04 01:16:24","vc-prod-1.vmware.com",,"sc9-stage-vmg5-6.vmware.com","36303337-3139-5553-4531-34364b594234","connected","poweredOn","HP","ProLiant BL490c G7","154608021504","Intel(R) Xeon(R) CPU           X5675  @ 3.07GHz","3066774750","2","12","24","VMware ESXi","5.0.0","504890",,"I28"
"2012-01-04 01:16:24","vc-prod-1.vmware.com",,"sc9-stage-vmg6-1.vmware.com","36343337-3836-5553-4531-34364b593535","connected","poweredOn","HP","ProLiant BL620c G7","274866999296","Intel(R) Xeon(R) CPU E7- 2870  @ 2.40GHz","2397399949","2","20","40","VMware ESXi","5.0.0","504890",,"I25"
"2012-01-04 01:16:24","vc-prod-1.vmware.com",,"sc9-stage-vmg6-2.vmware.com","36343337-3836-5553-4531-34364b593537","connected","poweredOn","HP","ProLiant BL620c G7","274866999296","Intel(R) Xeon(R) CPU E7- 2870  @ 2.40GHz","2397400124","2","20","40","VMware ESXi","5.0.0","504890",,"I25"
"2012-01-04 01:16:24","vc-prod-1.vmware.com",,"vmview-mgmt-2.vmware.com","34303530-3234-5553-4537-343336563642","connected","poweredOn","HP","ProLiant BL685c G1","68717228032","Dual-Core AMD Opteron(tm) Processor 8218","2612035782","4","8","8","VMware ESXi","5.0.0","474610",,"A08"
"2012-01-04 01:16:24","vc-prod-1.vmware.com",,"vmview-mgmt-1.vmware.com","34303530-3234-5553-4538-30333846354d","connected","poweredOn","HP","ProLiant BL685c G1","68717228032","Dual-Core AMD Opteron(tm) Processor 8222","3013887042","4","8","8","VMware ESXi","5.0.0","474610",,"A08"
"2012-01-04 01:16:24","vc-prod-1.vmware.com",,"sc9-prod-vmg3-5.vmware.com","35313838-3738-5553-4530-343233324a46","notResponding","unknown","HP","ProLiant BL685c G7","274873352192","AMD Opteron(tm) Processor 6174","2199999071","4","48","48","VMware ESXi","5.0.0","474610",,"A20"
